StationName,NO,TypeNo,AreaType,EXT_COUNT,DLY,AM,PM,PM_PKHR,OP,Notes
12th E of D Ave,20887,71,Urban,,13926.15,1420.65,3276.9,1137.15,9228.6,
15th N Section,21111,82,Urban,,4949.460000000001,768.645,1153.2,396.64500000000004,3027.6150000000007,
15th N of Division,3367,82,Urban,,2570.5199999999995,450.585,628.215,206.46,1491.7199999999993,
15th N of Fir St,0,0,Urban,,81.5,3.5,18,6,60,Not in model
15th S of Division,2103,83,Urban,,4784.385,706.8000000000001,1171.8000000000002,387.345,2905.785,
15th Sof Section,1754,82,Urban,,1839.5399999999997,331.545,423.1500000000001,141.82500000000002,1084.8449999999996,
15th South of Fir St,2079,82,Urban,,2205.96,343.635,570.09,189.255,1292.2350000000001,
18th N of Blackburn,2114,82,Urban,,2510.8450000000003,467.53999999999996,628.075,225.52499999999998,1415.2300000000002,
18th N of Division,20352,82,Urban,,5257.754999999999,627.285,1333.6200000000001,424.545,3296.8499999999995,
18th N of Section,992,82,Urban,,2875.56,443.145,672.3900000000001,232.96500000000003,1760.0249999999999,
18th S College Wy,17940,82,Urban,,7990.859999999999,998.13,1983.165,694.52,5009.564999999999,
18th S of Blackburn,0,0,Urban,,540,86,118.5,38.5,335.5,Not in model
18th S of Division,20350,82,Urban,,3655.3650000000007,479.415,964.875,305.04,2211.0750000000007,
18th S of Fir,2081,82,Urban,,5528.850000000002,671.925,1342.92,465.46500000000003,3514.005000000002,
18th S of Section,3468,82,Urban,,2713.7400000000007,432.91499999999996,626.82,220.41,1654.0050000000006,
22nd E of M Ave,18385,82,Urban,,1661.85,161.55,423.9,148.5,1076.4,
22nd W of R Ave,20460,82,Urban,,2736,287.1,659.7,244.35,1789.2,
2nd N of Montgomery,20354,83,Urban,,8259.275,954.9549999999999,2183.62,746.3900000000001,5120.7,
2nd S of Montgomery,690,82,Urban,,5741.849999999999,727.1999999999999,1237.25,348.45,3777.3999999999996,
30th N of Fir,21267,82,Urban,,3552.6,534.75,795.1500000000001,318.52500000000003,2222.7,
30th N of Martin Rd,2453,82,Urban,,2184.105,305.04,480.81,165.075,1398.255,
30th S of Division,21113,82,Urban,,389.20500000000004,45.57,89.745,29.76,253.89000000000004,
30th S of Fir St,2070,82,Urban,,2190.6150000000007,269.235,504.525,199.02,1416.8550000000005,
30th S of Martin Rd,21272,82,Urban,,2412.4199999999996,372.46500000000003,527.31,185.07,1512.6449999999995,
30th-NofDivision,18015,82,Urban,,1756.7699999999998,229.245,378.51,151.125,1149.0149999999996,
32nd E of M Ave,20529,72,Urban,,5593.05,633.1500000000001,1358.1,486.45,3601.7999999999997,
32nd Street West of M Avenue,20533,72,Urban,,4902.3,551.25,1389.6000000000001,504.90000000000003,2961.45,
3rd N of Morris,20679,0,Urban,,1348.5,150,351.5,127.5,847,
41st E of H Ave,3818,72,Urban,,1882.3500000000004,198.9,465.30000000000007,158.85000000000002,1218.15,
41st W of H Ave,3773,72,Urban,,1596.1499999999999,152.10000000000002,426.15,160.2,1017.8999999999997,
4th N of Fulton,21264,83,Urban,,9122.825,886.275,2460.36,812.5450000000001,5776.1900000000005,
6th btwn I & J,20906,82,Urban,,905.85,110.7,211.04999999999998,68.85,584.1,
A Ave N 41st St,14923,72,Urban,,3356.55,361.79999999999995,813.6,293.4,2181.15,
Alger Cain Lake Rd East of Old Hwy 99 N,13071,62,Urban,,4585.74,571.78,989.92,403.88,3024.04,
Allen West W of Avon Allen,2559,62,Urban,,1295.0250000000003,125.08500000000001,313.875,129.27,856.0650000000003,
Anaco Beach @ City Limits,18497,52,Urban,,2239.6500000000005,275.85,517.05,200.7,1446.7500000000007,
Anaco Beach S of Sunset,14989,72,Urban,,2564.55,310.95000000000005,554.8499999999999,204.75,1698.7500000000005,
Anacopper S of Oakes,3767,82,Urban,,2017.35,208.35,512.1,175.5,1296.9,
Anacortes N of SR20,0,0,Urban,,76.5,6.5,16,9,54,unclear
Anacortes S of Gilkey,3042,82,Urban,,7376.1,718.06,1759.9600000000003,641.24,4898.080000000001,
Anderson E of 99 S,17337,62,Urban,,4680.7350000000015,646.02,1237.72,454.445,2796.9950000000017,
Anderson EofCedar,786,65,Urban,,4047.3250000000003,357.445,1209.5900000000001,485.97,2480.29,
Anderson EofCedarWB,786,65,Urban,,3880.4849999999997,643.11,683.365,250.745,2554.0099999999993,
Avon Allen Rd N of Josh Wilson,20492,32,Urban,,1242.945,174.84,335.265,137.64000000000001,732.84,
Avon Allen Rd N of SR20,510,62,Urban,,1823.265,198.09,471.04499999999996,167.865,1154.13,
Avon Allen Rd S of Josh Wilson,20488,32,Urban,,1069.5,169.26000000000002,282.255,91.14,617.985,
Avon Allen Rd S of SR20,21231,62,Urban,,2410.0950000000003,263.19,648.6750000000001,251.10000000000002,1498.23,
Baker Heights Rd S of Gunderson,0,0,Urban,,113,8,29,12,76,Not in model
Bayview Edison Rd N of Josh Wilson Rd,2684,82,Urban,,1035.555,55.33500000000001,313.875,93.465,666.345,
Bayview Edison Rd N of SR20,21228,32,Urban,,1524.735,111.60000000000001,422.21999999999997,140.43,990.915,
Bayview Edison Rd W of Farm to Market,17820,62,Urban,,836.9499999999999,81.7,205.675,72.675,549.5749999999998,
Beaver Lake Rd South of SR 9,2900,62,Urban,,685.8,88.72,140.73000000000002,50.08,456.3499999999999,
Best Rd N of Chilberg,20997,62,Urban,,3104.9199999999996,323.96000000000004,869.5050000000001,305.305,1911.4549999999995,
Best Rd NW of Fir Island Moore intersection,21207,52,Urban,,3660.020000000001,382.655,929.1100000000001,323.05,2348.2550000000006,
Best Rd S of Chilberg,13610,62,Urban,,3575.845,370.82500000000005,960.96,350.35,2244.0599999999995,
Best Rd S of SR20,1149,62,Urban,,2779.305,239.47500000000002,786.315,273.42,1753.5149999999999,
Blackburn E of 99 S,756,82,Urban,,3851.3849999999998,627.105,1061.665,362.29499999999996,2162.615,
Blackburn E of Laventure,21100,62,Urban,,2272.4550000000004,264.58500000000004,610.5450000000001,219.015,1397.3250000000003,
Blackburn W of 18th,21096,82,Urban,,3762.1449999999995,599.46,962.24,332.71000000000004,2200.4449999999997,
Blackburn W of SL,21099,82,Urban,,2648.6399999999994,426.40500000000003,664.95,224.595,1557.2849999999992,
Blackburn-Wof99 S,3532,82,Urban,,3205.2450000000003,617.055,919.305,213.9,1668.8850000000007,
Blodgett N of Ander,3539,82,Urban,,220.41,35.805,56.265,15.345,128.33999999999997,
Blodgett S of Ander,9818,62,Urban,,1630.7550000000003,221.34,409.20000000000005,154.38,1000.2150000000004,
Bow Hill Rd E of SR 11,21238,52,Urban,,886.8249999999999,124.45,238.45,67.44999999999999,523.925,
Bow Hill Rd W of Ershig,20144,32,Urban,,960.925,139.65,256.025,76,565.25,
Bow Hill Rd W of Old Hwy 99 N,21245,62,Urban,,3634,430.56,832.5999999999999,327.06,2370.84,
Broad E of I-5,714,85,Urban,,14954.564999999999,2110.395,3518.335,1248.865,9325.835,
Bulson Rd N of SR534,0,0,Urban,,311.5,49.5,70.5,30,191.5,Not in model
Bulson Rd S of SR534,0,0,Urban,,658.5,96,165.5,41.5,397,Not in model
Burmaster Rd W of Knute Anderson Rd,0,0,Urban,,371.5,39,96,32,236.5,Not in model
caledonia w maple,0,0,Urban,,1071,75,287.5,101,708.5,Not in model
Cascade River Rd begin of Gravel,0,0,Urban,,155.5,17,32,9,106.5,unclear
Colony Mountain Dr E of Colony Rd,0,0,Urban,,323,47,77.5,21,198.5,Not in model
CS00195,,1,Urban,,568.5043000000001,94.89116000000001,116.24340000000001,42.411460000000005,357.36974000000004,Nulle Rd NB on ramp; outside model
CS00932,2638,25,Urban,,23167.191319999994,2410.7962666666663,5579.678346666667,1909.4317666666666,15176.716706666659,"SR 020, E/O SR 536 WB Entrance "
CS01077,20100,1,Urban,,5463.756176666668,574.3273900000002,1320.4096966666668,419.01617333333337,3569.0190900000007,I-5 NB off ramp at George Hopper
CS01258,20655,31,Urban,,6866.3212,849.66281,1605.0953700000002,589.4913700000001,4411.5630200000005,SR 9 north of SR 20 (Moore)
CS01312,21192,25,Urban,,14195.424273333332,1653.564033333333,3078.630706666667,1154.0711000000001,9463.229533333331,SR 20 west of Sterling Rd
CS01545,16184,31,Urban,,10043.14649,1322.5486700000001,2504.699895,928.0833200000001,6215.897924999999,"On SR 009, N/O Francis Rd/Old Day Creek Rd Roundabout "
CS01677,15876,1,Urban,,1227.5099200000002,119.96166000000002,281.0899,106.4791,826.4583600000003,I-5 NB on ramp at Bow Hill Rd
CS01705,15880,1,Urban,,2177.6846,280.46018000000004,419.3625800000001,135.11134,1477.86184,I-5 SB on ramp at Bow Hill Rd
CS02027,15869,1,Urban,,1530.6472999999999,93.82463999999999,389.53278,172.43408,1047.2898799999998,I-5 NB off ramp at Lake Samish Rd
CS02129,21200,31,Urban,1,1933.9626000000003,213.2436,456.6639,169.6191,1264.0551000000003,SR 9 NB External
CS02380,20186,25,Urban,,24073.1855,2790.9008400000002,5745.007146666667,2062.0054,15537.27751333333,SR 20 north of Orange Ave
CS02530,20620,1,Urban,,1406.13564,112.78175999999999,482.61304,220.86064,810.7408399999999,I-5 NB on ramp at SR 11
CS02633,15651,1,Urban,,4446.13624,650.7683000000002,790.00558,275.7846,3005.3623599999996,I-5 SB on ramp at Cook Rd
CS02879,20098,1,Urban,,5974.284073333334,744.0354133333333,1371.5177233333334,486.69590666666676,3858.7309366666677,I-5 SB off ramp at College Way
CS02926,9466,31,Urban,,1244.86824,119.18492499999999,338.317105,130.677865,787.3662099999999,SR 9 north of SR 534
CS03253,,1,Urban,,255.87926,32.03564,50.27386,16.028740000000003,173.56975999999997,Nulle Rd ramp; outside model
CS03347,15846,1,Urban,,6529.306420000001,567.3986500000001,1568.68075,551.2776966666667,4393.22702,
CS03650,12215,31,Urban,,2618.5005600000004,267.01974000000007,691.64968,264.77844,1659.8311400000002,
CS03774,17016,1,Urban,,2259.0113,268.5774,518.45612,217.94500000000002,1471.97778,
CS04191,20096,1,Urban,,4805.038420000001,515.984105,1172.67514,412.04481499999997,3116.379175000001,
CS04395,20625,1,Urban,,1225.4763733333334,210.92708000000002,306.73248666666666,101.5014,707.8168066666667,
CS04838,15000,71,Urban,,8695.1664,947.3562000000002,2036.7738000000002,558.1584,5711.0364,
CS05031,,1,Urban,,262.76795999999996,14.60004,65.13416,25.26888,183.03375999999997,Nulle Rd ramp; outside model
CS05340,15867,1,Urban,,1248.3016,89.88980000000001,333.12006,145.62730000000002,825.2917400000001,I-5 SB off ramp at Lake Samish Rd
CS05950,21359,25,Urban,,32581.844400000005,3824.835,7259.895300000002,2550.6663000000003,21497.114100000006,
CS06057,6351,71,Urban,1,2486.5332,302.7831,476.49960000000004,66.0498,1707.2504999999996,
CS06098,15881,1,Urban,,2419.4634100000003,126.55825,684.92242,290.51386,1607.9827400000004,
CS06341,16181,1,Urban,,4942.043773333333,416.65988,1237.1820066666667,422.56851,3288.201886666666,
CS06351,20619,1,Urban,,3788.5793400000002,506.23118,871.0847600000002,320.45650000000006,2411.2634000000003,
CS06426,12148,31,Urban,,3939.7099920000005,430.10989200000006,949.4177400000001,353.14878,2560.1823600000007,
CS06602,,1,Urban,,619.76824,47.460139999999996,145.21234,57.30088000000001,427.0957599999999,Nulle Rd SB off ramp; outside model
CS06634,15652,1,Urban,,2203.7233399999996,316.27959999999996,440.68934,173.28766,1446.7543999999998,
CS06652,15868,1,Urban,,1508.2430999999997,310.94881999999996,240.10350000000005,85.07226000000001,957.1907799999996,
CS07012,15195,1,Urban,,4011.1617000000006,571.1178200000002,780.1866800000001,278.66020000000003,2659.8572,
CS07082,15872,1,Urban,,1343.2155099999998,278.88497,252.63147,81.74894,811.6990699999997,
CS07285,299,71,Urban,,12248.704500000003,1570.1313000000002,2799.594,923.5329,7878.9792000000025,
CS07552,20346,1,Urban,,4209.890533333333,289.56746,1117.24522,396.6565633333334,2803.077853333333,
CS07587,20102,1,Urban,,3441.0943233333333,472.12165000000005,738.10464,257.57004,2230.868033333333,
CS07829,15878,1,Urban,,1157.0012999999997,137.00232,297.39528,126.14238,722.6036999999997,
CS09154,2970,25,Urban,,13527.61956,1566.3602150000002,3045.677005,1143.20066,8915.582339999999,
CS09289,20611,1,Urban,,3852.4649799999997,515.58052,918.9980800000001,331.11442000000005,2417.88638,
CS10725,10137,31,Urban,,4980.567230000001,503.06467,1285.8053900000002,447.31755000000004,3191.6971700000004,
CS11345,15185,1,Urban,,8272.44327,887.13534,1855.85127,685.96164,5529.45666,
CS11682,15621,1,Urban,,4606.125766666668,431.5198766666667,1024.3900333333336,361.9722166666667,3150.215856666668,
Calhoun Rd E of Best,21210,31,Urban,,414.96,35.945,115.11500000000001,31.395000000000003,263.9,
Campbell Lake Rd SE of Heart Lake Rd,18540,62,Urban,,2190.1499999999996,266.445,555.21,178.56,1368.4949999999997,
CS12189,21357,71,Urban,,23257.102200000005,2756.8881,5178.5304,1801.353,15321.683700000005,
Cedardale N of Ander,15449,62,Urban,,1591.6950000000002,227.385,414.315,151.125,949.9950000000001,
Cedardale Rd N of Milltown,9544,32,Urban,,499.05,60.3,131.85000000000002,39.150000000000006,306.9,
Cedardale Rd N of Old 99 South,16163,62,Urban,,1942.2,206.55,502.20000000000005,187.65,1233.45,
Cedardale Rd N of SR534,9636,32,Urban,,1212.7500000000005,135.45,319.95,108.45,757.3500000000004,
Cedardale Rd S of Old 99 South,16169,32,Urban,,1437.7499999999998,148.5,363.6,133.65,925.6499999999997,
Cedardale Rd S of SR534,13887,32,Urban,,498.15000000000003,64.35,129.60000000000002,42.3,304.20000000000005,
Chilberg Rd E of LaConner Whitney,17813,62,Urban,,3255.9300000000003,310.155,890.94,284.58000000000004,2054.8350000000005,
Chilberg Rd W of Best,21213,31,Urban,,2259.985,217.035,610.155,193.83,1432.795,
Christianson S of SR20,18583,62,Urban,,805.05,83.69999999999999,218.7,81.45,502.6499999999999,
Chuckanut Dr W of B BLVD,15240,63,Urban,,8664.099999999999,914.48,2022.16,760.3800000000001,5727.459999999999,
Collins Road N of Cook Rd,1249,52,Urban,,656.1000000000001,73.35,152.1,49.5,430.6500000000001,
Collins Road S of Cook Rd,20704,62,Urban,,1255.0500000000002,162.45,291.15,100.80000000000001,801.4500000000002,
CS12306,20608,1,Urban,,3964.9446199999998,363.75429999999994,1038.6594400000001,403.30836,2562.5308799999993,
Colony Rd E of Ershig,17433,32,Urban,,499.225,52.724999999999994,126.82499999999999,46.55,319.675,
Colony Rd S of Lake Samish Rd,21242,32,Urban,,567.64,67.16,139.84,47.38,360.64,
Colony Rd W of Ershig,20124,52,Urban,,646.4749999999999,70.775,157.22500000000002,55.575,418.4749999999999,
Colony Rd W of RRxing,21240,52,Urban,,389.97499999999997,35.625,107.35,35.15,246.99999999999997,
Commercial N of 11th,20466,82,Urban,,6588.449999999999,449.1,1654.2,513.45,4485.149999999999,
Commercial btwn 36 & 37,3829,82,Urban,,3750.3,358.2,842.8500000000001,289.8,2549.25,
Conway Frontage Rd N of Peter Johnson,2312,32,Urban,,1877.8500000000004,174.14999999999998,492.3,184.95,1211.4000000000003,
Conway Frontage Rd S of Peter Johnson,21276,32,Urban,,1779.7499999999998,165.6,475.65,173.25,1138.5,
Cook @ City Limits,20153,32,Urban,,12629.774999999998,1583.65,2847.1499999999996,1121.475,8198.974999999999,
Cook Rd E of Old Hwy 99 North,219,62,Urban,,13597.600000000002,1692.8000000000002,3036,1149.54,8868.800000000003,
Cook Rd E of SR 11,21056,32,Urban,,1923.24,192.97500000000002,495.225,188.79000000000002,1235.04,
Cook Rd W of City Limits,20153,32,Urban,,12445.2,1485,2670.3,1022.85,8289.900000000001,
Cook Rd W of Collins,224,33,Urban,,13233.150000000003,1651.05,2865.6,1090.35,8716.500000000004,
Cook Rd W of Old 99 North,218,62,Urban,,16555.86,2149.12,3571.4399999999996,1285.7,10835.300000000003,
Cook Rd W of SR 11,17494,62,Urban,,1076.0100000000002,117.18,282.255,104.625,676.5750000000002,
D Ave btwn 29th & 30th,20523,72,Urban,,4217.849999999999,424.79999999999995,1014.3000000000001,363.6,2778.749999999999,
D Avenue North of 12th Street,6296,82,Urban,,225.45,14.4,76.5,27,134.54999999999998,
D Avenue South of 12th Street,18396,72,Urban,,4376.699999999999,482.40000000000003,1031.85,376.65,2862.449999999999,
D'arcy W of Farm to Market Rd,17478,32,Urban,,739.1,84.55000000000001,192.375,72.675,462.17499999999995,
District Line Rd N of Anderson Rd,17100,62,Urban,,270.47999999999996,35.879999999999995,74.06,30.360000000000003,160.53999999999996,
Division E of 15th,3456,83,Urban,,8772.69,1357.335,2130.165,730.98,5285.1900000000005,
Division E of 18th,3459,83,Urban,,9431.130000000003,1221.555,2329.65,798.87,5879.925000000003,
Division E of 30th,2461,81,Urban,,7260.509999999999,960.69,1856.7450000000001,601.2450000000001,4443.075,
Division E of Laven,1501,81,Urban,,10728.479999999998,1345.2450000000001,2555.175,914.19,6828.059999999997,
Division E of Waugh,3425,81,Urban,,5753.910000000001,923.0250000000001,1428.48,503.13,3402.405,
Division W of 15th,18001,83,Urban,,7268.880000000002,1316.88,1812.105,597.5250000000001,4139.895000000002,
Division W of 18th,18053,83,Urban,,8947.065000000002,1176.45,2178.9900000000002,730.5150000000001,5591.625000000002,
Division W of 30th,2460,81,Urban,,7148.910000000001,998.82,1795.365,621.24,4354.725000000001,
Division-W of Laven,3403,83,Urban,,8820.12,1145.7600000000002,2168.76,730.5150000000001,5505.6,
Division-wofwaugh,2074,81,Urban,,6347.715000000001,933.72,1598.205,531.495,3815.790000000001,
CS12489,17019,42,Urban,,6277.476044999999,804.3437416666666,1564.2376250000002,595.9648683333334,3908.8946783333326,
Dodge Valley Rd S of Chilberg,13671,52,Urban,,631.9950000000002,71.89000000000001,150.605,56.875,409.5000000000002,
Dodge Valley Rd W of Best,21209,52,Urban,,561.9250000000002,64.155,142.41500000000002,53.69,355.3550000000002,
E State City Limits,2777,82,Urban,,1959.4099999999999,173.31,547.49,197.69,1238.61,
East Hickox E of Cedardale,814,62,Urban,,1429.2,161.1,364.05,124.65,904.0500000000002,
EdmursofF&S,21284,82,Urban,,2240.575,278.35,600.875,223.72500000000002,1361.35,
Ershig Rd N of Allen Rd,1318,62,Urban,,625.0999999999999,66.02499999999999,178.6,71.25,380.4749999999999,
Ershig Rd N of Bow Hill,17063,32,Urban,,711.075,89.3,183.825,64.125,437.9500000000001,
Ershig Rd N of SR 11,17501,62,Urban,,560.5,30.875,177.175,68.875,352.45,
Ershig Rd S of Bow Hill Rd,17431,32,Urban,,510.15,59.849999999999994,139.175,57.95,311.12499999999994,
Ershig Rd S of Colony,17064,32,Urban,,650.75,85.5,171,59.849999999999994,394.25,
EstateEtwnshp,2770,82,Urban,,2832.8999999999996,313.025,717.25,246.525,1802.6249999999995,
F & S Grade Rd E of Collins,12916,52,Urban,,1132.52,142.14,299.92,120.98,690.46,
F & S Grade Rd S of Prairie Rd,12905,52,Urban,,591.56,81.42,154.10000000000002,56.580000000000005,356.0399999999999,
F & S Grade Rd W of Kelleher,20702,52,Urban,,805.9199999999998,103.50000000000001,226.78000000000003,81.42,475.6399999999998,
Fairhaven E of Walnut,1378,82,Urban,,5891.219999999999,474.26,1448.08,495.41999999999996,3968.879999999999,
Farm to Market N of Bayview Edison,1824,32,Urban,,1391.2750000000003,134.425,378.575,139.175,878.2750000000003,
Farm to Market N of D'arcy,17089,32,Urban,,994.1750000000001,102.125,276.92499999999995,107.35,615.1250000000001,
Farm to Market N of Josh Wilson,17070,32,Urban,,1706.5500000000002,194.37,454.30500000000006,169.725,1057.8750000000002,
Farm to Market N of SR20,18630,32,Urban,,3228.0999999999995,369.54999999999995,974.2249999999999,361.95,1884.3249999999994,
Farm to Market S of Allen West,1888,32,Urban,,1499.575,163.39999999999998,422.275,164.825,913.9000000000002,
Farm to Market S of Bayview Edison,21042,32,Urban,,1023.6249999999999,107.82499999999999,267.9,105.44999999999999,647.9,
Farm to Market S of D'arcy,1887,32,Urban,,1625.9250000000002,178.6,444.125,168.625,1003.2000000000003,
Farm to Market S of Josh Wilson,1823,32,Urban,,2491.9350000000004,318.525,725.4000000000001,280.86,1448.0100000000002,
Ferry E of Reed,977,82,Urban,,2644.8,275.5,733.4,258.875,1635.9,
Ferry Wof Reed,17130,82,Urban,,2755.9500000000007,281.2,765.225,266.475,1709.525000000001,
Fidalgo Bay NW of Y,20932,62,Urban,,627.2999999999998,79.2,139.5,49.05,408.5999999999998,
Fir E of 30th,2068,81,Urban,,2878.350000000001,336.19500000000005,690.99,304.57500000000005,1851.1650000000006,
Fir E of Laventure,3405,81,Urban,,4564.44,692.385,1093.2150000000001,421.755,2778.8399999999992,
Fir Island Rd E of Pioneer Hwy (EB),21274,62,Urban,,10338.055,1250.795,2526.6150000000002,932.2950000000001,6560.645,
Fir Island Rd SW of Best Rd,20964,52,Urban,,3533.53,376.74,884.065,311.22,2272.725,
Fir Island Rd W of Pioneer Hwy,21277,62,Urban,,4778.864999999999,505.50500000000005,1183.4550000000002,419.055,3089.904999999999,
Fir St E of 18th St,2077,81,Urban,,6503.490000000001,983.475,1550.31,555.675,3969.7050000000004,
Fir St W of 15th,21140,81,Urban,,7716.210000000001,1091.355,1956.72,699.825,4668.135000000001,
Fir W of 30th,2072,81,Urban,,4214.295,630.075,1037.88,434.7750000000001,2546.34,
Fir W of Laventure,18040,81,Urban,,6007.799999999999,883.5,1460.565,524.985,3663.734999999999,
Fir West of 18th,3402,81,Urban,,7474.409999999999,1198.305,1851.165,661.6949999999999,4424.939999999999,
Francis Rd N of Swan Rd,21079,62,Urban,,4991.46,636.6400000000001,1218.08,455.86,3136.74,
Francis Rd S of Swan Rd,21129,81,Urban,,6438.619999999999,808.6800000000001,1553.8799999999999,576.38,4076.0599999999986,
Francis Rd W of SR9,21251,32,Urban,,4899.870000000001,584.52,1155.4,441.72,3159.9500000000003,
FrancisN of Hoag,21077,81,Urban,,5699.040000000001,761.6700000000001,1318.275,501.27,3619.0950000000007,
Freeway N of Cameron,21259,62,Urban,,8137.965,677.97,2071.11,710.0550000000001,5388.885,
Freeway N ofColl Way,17882,83,Urban,,12824.474999999997,897.385,3334.01,1170.5900000000001,8593.079999999996,
Freeway S of CollWay,15627,62,Urban,,8907.19,733.26,2336.13,775.6800000000001,5837.8,
Dodge Valley Rd E of Best,0,0,Urban,,30,4,7,2.5,19,
Friday Creek Rd N of Old Hwy 99 North,0,0,Urban,,213,25,45,12.5,143,
Fruitdale N of SR20,17610,62,Urban,,2694.5200000000004,323.83000000000004,693.24,245.39,1677.4500000000005,
Fruitdale S of SR20,2781,62,Urban,,1509.44,181.26000000000002,408.09999999999997,125.08,920.0800000000002,
Fulton E of 4th,21262,92,Urban,,5317.1449999999995,690.8399999999999,1356.4299999999998,427.23,3269.8749999999995,
Garden of Eden @RR,21380,62,Urban,,1280.4800000000002,129.32,330.19,138.86,820.9700000000003,
Gardner S of SR20,1874,82,Urban,,1255.8000000000002,111.32,283.36,101.2,861.1200000000002,
George Hopper E of B Blvd,17765,63,Urban,,4427.96,626.0600000000001,976.1200000000001,366.16,2825.7799999999997,
George Hopper E of Bouslog,541,62,Urban,,3894.3600000000006,312.8,1030.4,382.72,2551.1600000000003,
Gibralter Rd N of Satterlee,14249,52,Urban,,1840.4699999999998,316.66499999999996,520.8,152.985,1003.0049999999999,
Gibralter Rd S of Satterlee,3987,52,Urban,,1797.6899999999998,325.96500000000003,522.6600000000001,147.40500000000003,949.0649999999998,
Gilkey E of B BLVD,20201,82,Urban,,4197.04,258.52000000000004,1085.6,373.06,2852.92,
Goldenrod N of Andis,3065,83,Urban,,2946.3,356.96000000000004,713.92,242.88,1875.42,
Goldenrod N of Fisher Ln,936,63,Urban,,2170.2799999999997,271.4,549.24,198.26,1349.6399999999996,
Green Rd S of Kelleher,138,72,Urban,,53.36,7.82,15.64,4.6000000000000005,29.9,
Greenleaf E of Spruce,1836,82,Urban,,1553.4199999999998,104.41999999999999,381.34000000000003,159.16000000000003,1067.6599999999999,
Grip Rd at Railroad crossing,20634,52,Urban,,575.0000000000002,67.62,147.20000000000002,64.86000000000001,360.1800000000002,
Gunderson Rd E of Baker Heights Rd,21088,52,Urban,,621.5100000000001,73.38,146.37,57.13,401.7600000000001,
Gunderson Rd E of SR 9,3686,52,Urban,,713.5500000000001,81.1,172.79000000000002,66.71000000000001,459.66,
Gunderson Rd W of Baker Heights Rd,3686,52,Urban,,594.16,68.82,142.26999999999998,57.61,383.06999999999994,
H Ave N of 41st,18456,72,Urban,,1202.8499999999997,103.05,287.54999999999995,100.35,812.2499999999998,
H Ave S of 41st,18521,62,Urban,,1117.8,90.44999999999999,256.05,99.9,771.3,
Friday Creek Rd S of Old Hwy 99,0,0,Urban,,166,10,38,14,118,
Heart Lake Rd North of Rosario,14699,62,Urban,,986.2650000000002,90.67500000000001,265.05,82.77,630.5400000000002,
Higgins Airport Way N of Peterson Rd,18636,62,Urban,,1525.2000000000003,114.855,418.96500000000003,152.52,991.3800000000002,
Higgins Airport Way S of Josh Wilson,20517,62,Urban,,1262.9400000000003,121.36500000000001,374.32500000000005,132.525,767.2500000000002,
Higgins Airport Way S of Peterson Rd,20513,32,Urban,,1600.995,136.245,439.42499999999995,162.75,1025.325,
Hoag Rd E of Urban,3254,82,Urban,,12969.869999999999,1355.575,3189.36,1195.525,8424.934999999998,
Hoag Rd W of Urban,3274,82,Urban,,9961.899999999998,702.28,2628.2149999999997,990.37,6631.404999999997,
Hoag W of Laventure,3253,82,Urban,,10942.38,1207.1399999999999,2644.455,954.1800000000001,7090.785,
Hoehn @ E City Limit,1084,82,Urban,,860.7199999999999,79.5,232.14000000000001,82.15,549.0799999999999,
Jasper Way btwn Marion & Pennsylvania,20875,82,Urban,,1271.7,126,315.9,108.45,829.8000000000001,
John Liner W of SR9,1270,82,Urban,,604.7299999999999,89.04,168.54,56.71,347.15,
Josh Wilson Rd E of Avon Allen,20490,32,Urban,,3934.83,650.5350000000001,1067.1750000000002,378.0450000000001,2217.12,
Josh Wilson Rd E of Bayview Edison,2689,82,Urban,,599.85,39.06,173.91000000000003,57.19500000000001,386.87999999999994,
Josh Wilson Rd E of Farm to Market,17085,32,Urban,,2492.865,348.285,696.57,262.26,1448.0099999999998,
Josh Wilson Rd E of Higgins Airport Way,17081,62,Urban,,3039.2400000000002,371.07,820.725,312.48,1847.4450000000002,
Josh Wilson Rd W of Avon Allen,20487,32,Urban,,4096.650000000001,661.23,1152.27,425.475,2283.1500000000005,
Josh Wilson Rd W of Farm to Market,21046,32,Urban,,880.2450000000001,94.86000000000001,229.245,77.19,556.1400000000001,
Josh Wilson Rd W of Higgins Airport Way,20514,32,Urban,,2527.7399999999993,279.93,710.0550000000001,263.19,1537.7549999999994,
Kelleher Rd E of Green Rd,12943,52,Urban,,772.34,92.92,192.74,77.74000000000001,486.68000000000006,
Kelleher Rd W of Green Rd,12968,52,Urban,,697.82,86.02000000000001,172.96,71.30000000000001,438.84000000000003,
LaConner Whitney Rd N of Roundabout,21214,32,Urban,,4680.129999999999,549.6400000000001,1188.915,419.055,2941.574999999999,
LaConner Whitney Rd S of SR20,1007,31,Urban,,3625.44,415.41499999999996,929.11,335.78999999999996,2280.915,
Lake Cavanaugh E of SR9,21253,62,Urban,1,517.5000000000001,63.480000000000004,125.58,44.16,328.4400000000001,
Hartford S of Oakes,0,0,Urban,,1603,158,396,160.5,1049,
Lake Samish Rd W of Old Hwy 99 N,13075,62,Urban,,4876.46,632.96,1070.42,445.2800000000001,3173.08,
Lake Samish W of Colony Rd,17045,62,Urban,,5103.700000000001,737.84,1119.64,475.18,3246.2200000000003,
Lake Cavanaugh Rd W of N Shore Rd,0,0,Urban,,436.5,53,107,37.5,276.5,
Laventure N of Div,18036,81,Urban,,8164.935,884.4300000000001,1922.775,694.71,5357.73,
Laventure N of Fir,3304,81,Urban,,7001.969999999999,986.265,1636.8,546.375,4378.904999999999,
Laventure N of Sect,20470,81,Urban,,6905.714999999999,1043.9250000000002,1611.69,603.5699999999999,4250.0999999999985,
Laventure NofCollway,3294,81,Urban,,9201.905,1333.75,2042.82,707.615,5825.335000000001,
Laventure Rd North of Blackburn,21102,81,Urban,,815.61,414.78000000000003,45.57,20.925,355.26,
Laventure S of Div,18109,81,Urban,,7094.504999999999,881.64,1675.8600000000001,643.56,4537.004999999999,
Laventure S of Fir,18032,81,Urban,,8610.404999999999,1098.33,1890.2250000000001,694.71,5621.8499999999985,
Laventure S of Hoag,2083,81,Urban,,7639.950000000001,1133.205,1788.3900000000003,616.125,4718.3550000000005,
Laventure S of Sect,3582,81,Urban,,8679.225,1290.8400000000001,2026.005,752.835,5362.38,
Laventure SofCollWay,3309,81,Urban,,9290.175,1104.83,2102.96,740.595,6082.384999999999,
Little Mountain Rd W of West Big Lake Rd,808,62,Urban,,1235.0999999999997,155.01999999999998,303.59999999999997,112.24,776.4799999999998,
Little Mountain Rd W of West Little Mountain Place,21090,32,Urban,,1167.7500000000002,137.7,266.85,95.85,763.2000000000002,
Little Mtn Rd W of Little Mtn Pl,21090,32,Urban,,1224.075,158.175,315.4,109.725,750.5000000000001,
Lake View Blvd S of W Big Lake Blvd,0,0,Urban,,623.5,68,143.5,52,412,
M Ave S of 32nd,20527,82,Urban,,1567.3500000000001,166.05,387.9,136.35,1013.4000000000002,
M Ave btwn 16 & 17,6272,82,Urban,,2637.8999999999996,255.60000000000002,701.1,235.8,1681.1999999999998,
M Ave-Nof32nd,20531,82,Urban,,2703.15,320.4,687.15,239.85,1695.6,
March NofSMarch W E,456,62,Urban,,1429.2000000000003,123.3,275.85,153,1030.0500000000002,
Longtime N Sapp,0,0,Urban,,202.5,28,59.5,19.5,115,
March's Point Rd N of North Texas,0,0,Urban,,1089,93,218,107,778,
March's Pt Rd (East) North of South March's Pt Rd,20948,62,Urban,,616.0500000000001,18.9,108.00000000000001,45.900000000000006,489.1500000000001,
Marine Drive Rd @ City Limits,18497,52,Urban,,2051.115,304.11,487.7850000000001,171.585,1259.2199999999996,
Market N of CollWay,15628,83,Urban,,4305.344999999999,330.285,1106.77,390.90999999999997,2868.2899999999995,
Martin EofLaventure,3297,82,Urban,,4225.455000000001,519.405,1015.095,393.855,2690.955000000001,
Martin Rd E of 30th,3286,82,Urban,,2811.390000000001,542.655,649.14,241.33499999999998,1619.5950000000007,
Martin Rd N Col,1761,82,Urban,,1934.8650000000002,196.69500000000002,470.58,195.765,1267.5900000000004,
Martin Rd W of 30th,17901,82,Urban,,4043.1749999999997,512.4300000000001,962.085,369.21,2568.66,
McGarigle E of SR9,20654,82,Urban,,2430.58,511.45,673.1,213.59,1246.0299999999997,
McGarigle W of Frdle,2825,82,Urban,,693.24,104.41,228.96,66.78,359.87,
McLean S of Div,17855,82,Urban,,4607.014999999999,630.015,1152.36,407.885,2824.6399999999994,
Milltown Rd W of Cedardale E of I-5,9523,62,Urban,,1104.3000000000002,110.25,288.45000000000005,104.85,705.6000000000001,
Minkler E City Limits,262,82,Urban,,1801.47,190.8,551.73,186.56,1058.94,
Montgomery E of 2nd,1019,82,Urban,,1150.39,156.55,275.225,88.375,718.6150000000001,
Montgomery W of 2nd,1018,82,Urban,,1503.385,181.8,395.415,137.36,926.1700000000001,
Moore Rd NE of Best Rd,20968,62,Urban,,187.46,15.925,50.505,16.835,121.03,
Morris-5th&6th,1605,72,Urban,,4191.975,338.055,1113.21,363.63,2740.7100000000005,
March's Point Rd S of North Texas,0,0,Urban,,1099.5,96.5,240.5,122,762.5,
N Fruitdale N CityLimits,21302,52,Urban,,536.89,63.6,182.32,70.49,290.96999999999997,
N Fruitdale N of McG,17193,52,Urban,,2413.6200000000003,244.86,692.71,254.93,1476.0500000000002,
Mosier W of N Fruitdale,0,0,Urban,,166.5,22,56,18,88.5,
N Fruitdale Rd N of Mosier Rd,0,0,Urban,,395.5,35,113,44.5,247.5,
N Fruitdale S of McG,20166,52,Urban,,2478.8100000000004,286.73,725.04,265.53000000000003,1467.0400000000004,
N Skagit N of SR20,20189,82,Urban,,1159.6599999999999,95.68,246.1,90.16,817.8799999999998,
N Fruitdale Rd S of Mosier Rd,0,0,Urban,,452,39.5,133,48.5,279.5,
N Wall St N of SR536,0,0,Urban,,539.5,61,151.5,54.5,327,
North Shore Drive East of Lake Cavanaugh Road,0,0,Urban,,149,18,43.5,13,87.5,
Old Day Creek E of SR 9,2896,62,Urban,,1596.3900000000006,157.05,380.29,141.49,1059.0500000000006,
Old Highway 99 S West of Cedardale Rd,827,62,Urban,,1198.35,119.25,308.70000000000005,111.15,770.3999999999999,
Old Hwy 99 N North of Bow Hill Rd,13032,32,Urban,,2827.62,328.44000000000005,672.52,251.62,1826.6599999999999,
Old Hwy 99 N of C Shop Rd,15239,62,Urban,,5546.22,539.12,1431.5200000000002,506.00000000000006,3575.58,
Old Hwy 99 North N of Alger Cain Lake Rd,6433,62,Urban,,732.78,61.64,193.66,78.66,477.48,
Old Hwy 99 North N of Cook Rd,20150,62,Urban,,4093.0800000000004,470.12,973.82,339.48,2649.1400000000003,
Old Hwy 99 North S of Alger Cain Lake Rd,17409,62,Urban,,1883.24,236.9,463.67999999999995,187.22,1182.6599999999999,
Old Hwy 99 North S of Bow Hill Rd,20147,32,Urban,,3104.0800000000004,338.1,736.46,270.02,2029.5200000000004,
Old Hwy 99 North S of Cook Rd,2923,62,Urban,,4388.860000000001,498.64000000000004,1129.76,402.96000000000004,2760.460000000001,
North Texas E of March's Point Rd,0,0,Urban,,107,9.5,35,16.5,62.5,
Parson Creek Rd N of Prairie Rd,20633,62,Urban,,916.32,132.48000000000002,212.06,81.42000000000002,571.78,
Pease E of B BLVD,1430,62,Urban,,3238.649999999999,330.3,790.6500000000001,287.1,2117.699999999999,
Pacific Hwy N of County Line,0,0,Urban,,494,48.5,139,53.5,306.5,
Peterson Rd E of Avon Allen,20496,62,Urban,,3697.2149999999997,428.73,947.205,359.90999999999997,2321.2799999999997,
Peterson Rd E of Country Lane,17664,63,Urban,,3847.5,470.25,993.7,353.875,2383.55,
Peterson Rd E of Pulver,17663,63,Urban,,3626.6399999999994,380.42,878.14,327.98,2368.0799999999995,
Peterson Rd W of Avon Allen,20494,62,Urban,,3142.005,386.88,783.5250000000001,289.69500000000005,1971.6,
PinerPrky-Bridge,13650,82,Urban,,5164.290000000001,626.355,1273.17,448.725,3264.7650000000012,
Pioneer Highway S of Fir Island Rd,21280,62,Urban,1,8131.305000000001,1018.745,2059.33,787.605,5053.230000000001,
Prairie Rd E of F & S Grade Rd,12718,52,Urban,,1877.7199999999998,251.61999999999998,437,188.60000000000002,1189.1,
Prairie Rd E of Parson Creek Rd,17055,32,Urban,,1720.8600000000001,240.58,388.70000000000005,152.72,1091.5800000000002,
Prairie Rd W of Blank,12425,62,Urban,,909.4200000000001,129.72000000000003,235.06,89.7,544.6400000000001,
Prairie Rd W of F & S Grade Rd,21247,52,Urban,,2064.02,252.08,485.30000000000007,206.54000000000002,1326.6399999999999,
Prairie Rd W of Parson Creek Rd,12622,52,Urban,,1080.5400000000002,137.54000000000002,247.94,95.22,695.0600000000002,
Pulver Rd N of Josh Wilson Rd,1373,32,Urban,,782.3249999999999,77.425,212.325,84.07499999999999,492.575,
Pulver Rd N of Peterson,15302,32,Urban,,1034.075,149.14999999999998,245.10000000000002,91.2,639.825,
Pulver Rd N of SR 20,3135,62,Urban,,1207.925,141.075,302.1,121.125,764.7499999999999,
Pulver Rd S of Peterson,21039,62,Urban,,1343.1999999999998,144.44,326.14,140.76,872.6199999999998,
Pulver Rd S of SR20,465,62,Urban,,3157.8999999999996,348.22,789.8199999999999,290.72,2019.8599999999994,
R Ave N of 22nd,15031,63,Urban,,12216.150000000001,1189.35,3205.35,1092.15,7821.450000000001,
R Ave S of 22nd NB,20458,63,Urban,,30.15,13.5,2.7,0.9,13.95,
R Ave S of 22nd SB,20458,63,Urban,,5312.249999999999,388.79999999999995,1515.15,530.1,3408.299999999999,
Peter Johnson Rd W of Conway Frontage Rd,0,0,Urban,,78.5,3.5,28.5,9,46.5,
RAve btwn 32 & 33 sb,1215,65,Urban,,5048.999999999999,441,1497.6,542.7,3110.399999999999,
Railroad wofestate,2753,82,Urban,,943.9299999999998,122.43,289.38,93.28,532.1199999999998,
Rave-33&34 nb,1215,65,Urban,,7172.999999999999,942.75,1689.75,583.6500000000001,4540.499999999999,
Reed N of Ferry,17136,82,Urban,,202.34999999999997,25.65,49.4,15.674999999999999,127.29999999999995,
Reed S of Ferry,1080,82,Urban,,247.47499999999997,26.6,63.65,18.049999999999997,157.22499999999997,
Reed S of Sapp,17205,82,Urban,,821.75,83.125,182.39999999999998,67.44999999999999,556.225,
Reserv S of SR20,494,62,Urban,,2574.9,243.9,637.2,229.05,1693.8,
Rhodes W of SR9,21354,82,Urban,,2175.65,279.84000000000003,569.22,205.11,1326.59,
Rio Vista E of Anacortes,20483,82,Urban,,1399.78,150.42000000000002,314.64,118.22,934.7199999999999,
Rosario Rd E of Fishing Access,14652,52,Urban,,1517.76,213.89999999999998,378.51,127.875,925.3500000000001,
Rosario Rd E of Marine Wye Drive,14652,52,Urban,,1502.4150000000002,206.92499999999998,378.51,126.48,916.9800000000002,
Rosario Rd NW of SR20 (Pass Lake),18515,62,Urban,,2811.390000000001,399.435,714.24,251.565,1697.7150000000008,
Rosario Rd S of Marine Drive,21374,52,Urban,,3597.7050000000004,506.85,914.19,305.03999999999996,2176.6650000000004,
R093N,,1,Urban,,65306.657536556566,6370.720579306359,14886.918989388934,5139.8013,44049.01796786127,Dualized; split by direction
R093N,15616,1,Urban,,32653.32877,3185.36029,7443.459495,2569.90065,22024.50898,half
R093N,15617,1,Urban,,32653.32877,3185.36029,7443.459495,2569.90065,22024.50898,half
S 3rd  N of River,20679,62,Urban,,281.43,23.85,74.73,21.2,182.84999999999997,
S Section S Rio Vista,21070,82,Urban,,1863.46,174.34,433.32000000000005,166.98000000000002,1255.8000000000002,
Rose Rd S of Tyee Rd,0,0,Urban,,72,5.5,18,6,48.5,
SMarch-EofMarch WE,20946,62,Urban,,1147.5,152.1,253.8,83.7,741.5999999999999,
SR20 E of Anacortes,396,72,Urban,,14487.699999999997,1459.12,3299.58,1239.24,9728.999999999998,
SR20 E of Fruitdale,16100,22,Urban,,9278.71,1044.63,2360.09,886.69,5873.989999999998,
SR20@wcitylim,21191,33,Urban,,16298.2,1819.725,3942.9750000000004,1427.375,10535.5,
SR9 NJLiner,2826,62,Urban,,6779.2300000000005,906.3,1623.39,582.47,4249.54,
SR9 S of John Liner,1267,62,Urban,,8028.439999999999,1173.42,1927.0800000000002,696.95,4927.939999999999,
SR9@ n city lim,2823,32,Urban,,4629.550000000001,537.4200000000001,1111.94,429.3,2980.190000000001,
SR9NofWState,16131,53,Urban,,4902,624.625,1189.3999999999999,430.825,3087.9750000000004,
SR9SctylmtsNRnbt,21365,52,Urban,,8863.189999999999,1206.81,2241.9000000000005,806.6600000000001,5414.479999999999,
SR9SctylmtsSRnbt,21364,52,Urban,,11345.710000000001,1567.7400000000002,3014.11,1084.91,6763.860000000001,
SR9SjamsonERnbt,21360,82,Urban,,4793.32,704.37,1283.66,434.07000000000005,2805.29,
Sapp E of Reed,17203,82,Urban,,788.0249999999999,87.4,190.95,64.6,509.6749999999999,
Sapp W of Reed,17195,82,Urban,,470.25,61.275,114.94999999999999,35.15,294.02500000000003,
Satterlee Rd E of Gibralter Rd,18573,82,Urban,,542.6549999999999,57.195,153.91500000000002,52.545,331.54499999999985,
Satterlee Rd W of Christianson Rd,18573,82,Urban,,498.94500000000005,43.71,141.825,59.985,313.4100000000001,
Section E of 15th,18062,82,Urban,,4018.995,622.635,947.2050000000002,326.89500000000004,2449.1549999999997,
Section St East of Laventure Rd,20472,82,Urban,,7383.735000000001,1093.68,1648.89,599.385,4641.165,
Section St West of 15th St,731,82,Urban,,709.59,96.72,172.05,58.125,440.82,
Section W of 18th,18061,82,Urban,,4053.8700000000003,636.585,951.855,325.5,2465.4300000000003,
Skagit St S of Rio Vista,423,82,Urban,,1616.4399999999998,173.42000000000002,356.5,132.02,1086.5199999999998,
Skagit St S of SR20,1457,82,Urban,,1135.28,126.04000000000002,245.18,87.86000000000001,764.06,
Sky S Sunset nb,1951,82,Urban,,960.3,102.6,223.2,73.8,634.5,
Skyave S Sunset,1951,82,Urban,,1148.3999999999999,94.5,296.1,104.4,757.7999999999998,
Slavent sofburnSB,21273,63,Urban,,3490.29,551.955,573.8100000000001,216.22500000000002,2364.525,
SlaventsofEburn,21273,63,Urban,,3653.9700000000003,320.385,1028.1150000000002,416.17500000000007,2305.47,
South March's Pt Rd E of Thompson Rd,18607,62,Urban,,1120.0500000000002,113.85,296.55,112.5,709.6500000000001,
S Walnut N of Greenleaf,0,0,Urban,,684.5,46,205,71.5,433.5,
South Skagit Highway W of Day Creek Bridge,11370,32,Urban,,708.3,83.25,138.15,51.75,486.9,
South Shore Dr S of North Shore Dr,0,0,Urban,,394.5,43,94,28,257.5,
SouthLavEofBlodgett,3598,63,Urban,,7328.835000000002,916.1650000000001,1753.7599999999998,697.43,4658.910000000002,
Starbird Rd E of Cedardale Rd,17288,62,Urban,,887.8499999999999,89.55,230.4,84.6,567.9,
Stewart E of Market,6413,82,Urban,,5604.174999999999,470.45,1454.03,553.385,3679.6949999999997,
Stewart W of Market,21013,82,Urban,,7650.875,538.35,2008.385,738.1700000000001,5104.139999999999,
Sunset E Skyline Way,14990,82,Urban,,3415.05,359.55,841.5,290.70000000000005,2214,
Sunset WofAnaco Bch,14990,82,Urban,,3552.7500000000005,368.55,875.25,301.05,2308.9500000000003,
Sunsetave-wofSky,3760,82,Urban,,1791.9,164.25,440.55,139.5,1187.1000000000001,
Swan Rd E of Francis Rd,21126,62,Urban,,1252.1200000000006,140.3,293.48,102.58,818.3400000000006,
Swan Rd E of bridge,17169,62,Urban,,952.8900000000001,98.67,228.75,78.61,625.4700000000001,
South Texas at RxR Crossing,0,0,Urban,,484,58.5,114.5,69,311,
TwnshipsofNState,17599,82,Urban,,5054.474999999999,605.625,1365.1499999999999,438.425,3083.7,
Urban N of College,21020,82,Urban,,5038.18,341.92499999999995,1450.15,535.925,3246.105,
Urban S of Colleg,20335,82,Urban,,1894.4099999999999,44.62,613.04,181.875,1236.75,
Urban-sofHoag,2448,82,Urban,,4151.6,348.23,1087.37,393.82,2716.0000000000005,
W McCorquedale W of LL,525,62,Urban,,2525.4,233.22,658.26,234.14,1633.9200000000003,
W Whitmarsh W B BLVD,20334,62,Urban,,4536.059999999999,506.91999999999996,1101.24,436.08000000000004,2927.8999999999987,
WStateEofSR9,2733,82,Urban,,7127.849999999999,806.075,1864.85,619.4,4456.924999999999,
WStateWofSR9,17117,82,Urban,,6631.000000000001,758.0999999999999,1647.3,526.3,4225.600000000001,
Waugh-n-division,18028,82,Urban,,2883.465,397.11,677.97,276.675,1808.385,
Waugh-s-division,3394,82,Urban,,1781.415,205.53,445.47,162.75,1130.415,
West Big Lake Blvd N of Little Mountain,10131,62,Urban,,1430.1400000000003,181.70000000000002,350.52,119.6,897.9200000000003,
West Big Lake Blvd S of Little  Mountain Rd,20240,62,Urban,,1026.26,129.72,252.54,90.16,644,
West Big Lake Blvd W of Lake View Blvd,10099,62,Urban,,1614.1399999999999,203.78,396.52,138.92000000000002,1013.8399999999999,
Taylor Rd @ Bridge,0,0,Urban,,35,4,8,2,23,
Whitmarsh S of Pease,21075,62,Urban,,2846.02,291.64,760.38,284.74,1794,
Wicker E City Limits,2180,82,Urban,,1925.4900000000002,179.67000000000002,502.97,158.47,1242.8500000000001,
West Stackpole Rd W of RxR,0,0,Urban,,143.5,15,33,11,95.5,
Wood Rd before gravel,0,0,Urban,,52.5,4,14.5,3.5,34,
cameron-efwydr,21254,82,Urban,,5936.655,572.88,1558.6800000000003,589.62,3805.0949999999993,
cedardale sofande,18201,62,Urban,,3378.995,443.28999999999996,897.25,313.31,2038.455,
f&s-Eedwardmur,21281,82,Urban,,897.2749999999997,94.05000000000001,228.95,84.07499999999999,574.2749999999996,
f&s-Wedwardmur,21282,82,Urban,,2843.8250000000003,344.85,778.525,291.65,1720.4500000000003,
f&s-wcitylim,17110,52,Urban,,926.9699999999999,90.63,270.3,104.94,566.04,
fwydr-scameron,21256,82,Urban,,11081.414999999999,1004.865,2879.745,1012.77,7196.804999999999,
jamesoneoftwnsp,2756,82,Urban,,1131.5500000000002,133.03,302.63,106.53,695.8900000000002,
jamesonwoftwnsp,2746,82,Urban,,1805.18,217.3,496.61,180.73000000000002,1091.27,
old99s-nofAnderso,17343,63,Urban,,5028.4800000000005,705.1899999999999,1439.965,510.21999999999997,2883.3250000000007,
old99s-sofAnderso,1742,63,Urban,,5183.195,684.335,1400.6799999999998,525.74,3098.18,
section-eof18th,3463,82,Urban,,4583.04,702.1500000000001,1097.8650000000002,373.86,2783.0249999999996,
section-w-laventu,20327,82,Urban,,4698.360000000001,689.1300000000001,1139.25,390.6,2869.9800000000005,
smarch-eofemarch,20950,62,Urban,,1110.15,78.3,244.35,95.4,787.5000000000001,
smarch-wofemarch,458,62,Urban,,1102.4999999999998,78.3,283.95000000000005,120.15,740.2499999999998,
stateWtwnshp,2783,82,Urban,,5406.925,628.9000000000001,1474.4,477.375,3303.6249999999995,
twnshipnofjameson,2754,82,Urban,,2399.3100000000004,219.42000000000002,649.78,217.82999999999998,1530.1100000000004,
twnshipsofjameson,1253,82,Urban,,1681.6900000000003,140.98000000000002,465.87,139.39000000000001,1074.8400000000001,
waugh-s-collway,21269,82,Urban,,3334.0499999999997,386.88,778.4100000000001,303.18,2168.7599999999993,
