StationName,LinkNo,TypeNo,AreaType,DLY,AM,PM,PM_PKHR,OP
12th E of D Ave,20887.0,71,Urban,39.15,6.3,3.15,0.9,29.700000000000003
15th N Section,21111.0,82,Urban,2.325,0.465,0.0,0.0,1.86
15th N of Division,3367.0,82,Urban,0.93,0.0,0.0,0.0,0.93
15th N of Fir St,0.0,0,Urban,0.0,0.0,0.0,0.0,0.0
15th S of Division,2103.0,83,Urban,5.579999999999999,0.0,0.0,0.0,5.579999999999999
15th Sof Section,1754.0,82,Urban,0.93,0.0,0.0,0.0,0.93
15th South of Fir St,2079.0,82,Urban,0.465,0.0,0.0,0.0,0.465
18th N of Blackburn,2114.0,82,Urban,1.94,0.0,0.485,0.0,1.455
18th N of Division,20352.0,82,Urban,2.325,0.93,0.93,0.465,0.46499999999999997
18th N of Section,992.0,82,Urban,1.86,0.465,0.465,0.0,0.9299999999999999
18th S College Wy,17940.0,82,Urban,3.3949999999999996,0.97,0.0,0.0,2.425
18th S of Blackburn,0.0,0,Urban,0.0,0.0,0.0,0.0,0.0
18th S of Division,20350.0,82,Urban,1.86,0.93,0.93,0.465,0.0
18th S of Fir,2081.0,82,Urban,0.93,0.465,0.0,0.0,0.465
18th S of Section,3468.0,82,Urban,2.79,0.93,0.465,0.0,1.3949999999999998
22nd E of M Ave,18385.0,82,Urban,2.25,0.0,0.45,0.0,1.8
22nd W of R Ave,20460.0,82,Urban,7.650000000000001,0.9,1.35,0.0,5.4
2nd N of Montgomery,20354.0,83,Urban,51.510000000000005,6.5649999999999995,3.535,1.01,41.41000000000001
2nd S of Montgomery,690.0,82,Urban,44.440000000000005,5.050000000000001,0.505,0.0,38.885
30th N of Fir,21267.0,82,Urban,1.395,0.0,0.0,0.0,1.395
30th N of Martin Rd,2453.0,82,Urban,0.465,0.0,0.0,0.0,0.465
30th S of Division,21113.0,82,Urban,0.0,0.0,0.0,0.0,0.0
30th S of Fir St,2070.0,82,Urban,0.465,0.0,0.0,0.0,0.465
30th S of Martin Rd,21272.0,82,Urban,2.79,0.93,0.465,0.0,1.3949999999999998
30th-NofDivision,18015.0,82,Urban,0.0,0.0,0.0,0.0,0.0
32nd E of M Ave,20529.0,72,Urban,13.05,4.5,0.9,0.0,7.65
32nd Street West of M Avenue,20533.0,72,Urban,4.500000000000001,0.0,0.45,0.0,4.050000000000001
3rd N of Morris,0.0,0,Urban,3.0,0.5,0.5,0.0,2.0
41st E of H Ave,3818.0,72,Urban,3.6000000000000005,0.45,0.9,0.0,2.2500000000000004
41st W of H Ave,3773.0,72,Urban,1.8,0.0,0.45,0.45,1.35
4th N of Fulton,21264.0,83,Urban,31.815000000000005,3.0300000000000002,2.02,1.01,26.765000000000004
6th btwn I & J,20906.0,82,Urban,0.0,0.0,0.0,0.0,0.0
A Ave N 41st St,14923.0,72,Urban,4.95,2.25,1.8,0.0,0.9000000000000001
Alger Cain Lake Rd East of Old Hwy 99 N,13071.0,62,Urban,13.800000000000002,0.46,4.14,0.46,9.200000000000003
Allen West W of Avon Allen,2559.0,62,Urban,17.669999999999998,1.395,2.79,0.465,13.485
Anaco Beach @ City Limits,18497.0,52,Urban,9.9,1.8,4.05,1.8,4.05
Anaco Beach S of Sunset,14989.0,72,Urban,2.7,0.45,1.35,0.45,0.8999999999999999
Anacopper S of Oakes,3767.0,82,Urban,2.25,0.0,0.0,0.0,2.25
Anacortes N of SR20,0.0,0,Urban,0.0,0.0,0.0,0.0,0.0
Anacortes S of Gilkey,3042.0,82,Urban,13.340000000000002,3.2199999999999998,1.3800000000000001,0.92,8.74
Anderson E of 99 S,17337.0,62,Urban,158.59500000000006,16.49,25.705,7.275,116.40000000000005
Anderson EofCedar,786.0,65,Urban,7.275,0.485,1.455,0.0,5.335
Anderson EofCedarWB,786.0,65,Urban,5.82,0.97,0.97,0.485,3.880000000000001
Avon Allen Rd N of Josh Wilson,20492.0,32,Urban,39.99000000000001,4.1850000000000005,7.905,1.86,27.900000000000006
Avon Allen Rd N of SR20,510.0,62,Urban,8.834999999999999,0.465,1.86,0.465,6.509999999999999
Avon Allen Rd S of Josh Wilson,20488.0,32,Urban,10.694999999999999,1.395,1.86,0.465,7.439999999999999
Avon Allen Rd S of SR20,21231.0,62,Urban,11.624999999999998,1.395,2.79,0.465,7.439999999999999
Baker Heights Rd S of Gunderson,0.0,0,Urban,0.0,0.0,0.0,0.0,0.0
Bayview Edison Rd N of Josh Wilson Rd,2684.0,82,Urban,4.185,0.93,0.465,0.0,2.7899999999999996
Bayview Edison Rd N of SR20,21228.0,32,Urban,4.1850000000000005,0.465,0.465,0.465,3.255000000000001
Bayview Edison Rd W of Farm to Market,17820.0,62,Urban,2.85,0.0,0.475,0.475,2.375
Beaver Lake Rd South of SR 9,2900.0,62,Urban,15.44,3.67,2.27,0.45,9.5
Best Rd N of Chilberg,20997.0,62,Urban,46.86499999999999,4.55,10.465,3.6399999999999997,31.84999999999999
Best Rd NW of Fir Island Moore intersection,21207.0,52,Urban,55.509999999999984,9.555,7.734999999999999,2.73,38.219999999999985
Best Rd S of Chilberg,13610.0,62,Urban,56.87499999999998,9.555,8.645,4.095,38.67499999999998
Best Rd S of SR20,1149.0,62,Urban,53.940000000000026,9.3,15.345,4.1850000000000005,29.29500000000003
Blackburn E of 99 S,756.0,82,Urban,5.819999999999999,0.97,0.485,0.0,4.364999999999999
Blackburn E of Laventure,21100.0,62,Urban,1.86,0.465,0.93,0.0,0.46499999999999997
Blackburn W of 18th,21096.0,82,Urban,1.455,0.0,0.485,0.485,0.9700000000000001
Blackburn W of SL,21099.0,82,Urban,1.86,0.93,0.465,0.0,0.465
Blackburn-Wof99 S,3532.0,82,Urban,3.255,0.465,0.93,0.93,1.8599999999999999
Blodgett N of Ander,3539.0,82,Urban,0.0,0.0,0.0,0.0,0.0
Blodgett S of Ander,9818.0,62,Urban,0.465,0.0,0.465,0.0,0.0
Bow Hill Rd E of SR 11,21238.0,52,Urban,9.024999999999999,0.475,1.9,0.475,6.649999999999999
Bow Hill Rd W of Ershig,20144.0,32,Urban,13.774999999999999,1.9,3.8,1.4249999999999998,8.075
Bow Hill Rd W of Old Hwy 99 N,21245.0,62,Urban,18.400000000000006,3.68,3.22,0.46,11.500000000000005
Broad E of I-5,714.0,85,Urban,9.09,1.5150000000000001,2.5250000000000004,1.01,5.049999999999999
Bulson Rd N of SR534,0.0,0,Urban,10.0,2.5,3.0,0.5,4.5
Bulson Rd S of SR534,0.0,0,Urban,2.0,0.5,0.5,0.0,1.0
Burmaster Rd W of Knute Anderson Rd,0.0,0,Urban,3.0,0.0,0.5,0.5,2.5
CS00195,,1,Urban,24.462619999999994,6.7485599999999994,3.09582,0.8462999999999999,14.618239999999997
CS00932,,25,Urban,794.93778,109.93406666666667,144.06452666666667,37.96762666666667,540.9391866666666
CS01077,,1,Urban,124.91812666666668,14.177193333333333,17.326703333333334,2.2722700000000002,93.41423
CS01258,,31,Urban,174.8053,31.1022,28.54517,9.31525,115.15792999999998
CS01312,,25,Urban,143.37292666666664,25.02075333333333,27.930326666666666,8.495759999999999,90.42184666666665
CS01545,,31,Urban,148.23892000000004,20.088805,32.819515,7.519880000000001,95.33060000000003
CS01677,,1,Urban,22.784580000000002,2.2531600000000003,2.8173600000000003,1.9710600000000003,17.71406
CS01705,,1,Urban,56.21616000000001,8.16998,9.80434,1.67804,38.24184000000001
CS02027,,1,Urban,23.63452,4.2096599999999995,2.2458800000000005,0.2821,17.17898
CS02129,,31,Urban,186.6885,29.469,33.439800000000005,9.8145,123.7797
CS02380,,25,Urban,209.5936266666667,28.830013333333333,33.41034666666667,7.95704,147.35326666666668
CS02530,,1,Urban,55.41354,14.090440000000001,9.547720000000002,2.8100800000000006,31.775379999999995
CS02633,,1,Urban,389.11054000000007,68.83786,45.276140000000005,11.82636,274.99654000000004
CS02879,,1,Urban,93.93201999999998,13.048793333333334,15.059590000000002,3.9803400000000004,65.82363666666664
CS02926,,31,Urban,140.25268,27.576205,24.798605000000002,2.703045,87.87787
CS03253,,1,Urban,17.13894,1.68532,2.2422400000000002,0.5642,13.21138
CS03347,,1,Urban,92.81908999999997,14.485076666666668,14.19782,4.262440000000001,64.1361933333333
CS03650,,31,Urban,168.43974000000003,29.070560000000004,25.81618,7.218039999999999,113.55300000000003
CS03774,,1,Urban,99.2355,22.49884,14.04676,3.0848999999999998,62.6899
CS04191,,1,Urban,121.734795,12.810525,24.374805000000002,5.131945,84.549465
CS04395,,1,Urban,24.69315333333333,3.1722600000000005,4.605813333333334,0.8693533333333333,16.915079999999996
CS04838,,71,Urban,69.76979999999999,15.1308,8.406,0.8406,46.23299999999999
CS05031,,1,Urban,14.054040000000002,2.24588,1.68168,0.2821,10.126480000000003
CS05340,,1,Urban,15.724800000000002,3.0849,3.08854,0.2821,9.55136
CS05950,,25,Urban,615.1551000000001,90.6465,104.35530000000001,26.355,420.1533000000001
CS06057,,71,Urban,50.3199,8.2473,7.701600000000001,0.8253,34.370999999999995
CS06098,,1,Urban,46.23709999999999,4.29702,11.00281,2.16853,30.937269999999994
CS06341,,1,Urban,178.00601,20.732529999999997,28.682896666666664,8.786353333333333,128.59058333333334
CS06351,,1,Urban,135.95764000000003,19.656,28.9471,8.9908,87.35454000000001
CS06426,,31,Urban,230.46415199999998,39.517308,34.85976,12.801372,156.087084
CS06602,,1,Urban,24.165960000000002,3.9421199999999996,5.33442,2.24952,14.889420000000003
CS06634,,1,Urban,75.55366000000001,12.654460000000002,11.78632,3.0848999999999998,51.112880000000004
CS06652,,1,Urban,25.30528,1.6853200000000002,4.22058,1.40686,19.39938
CS07012,,1,Urban,275.90471999999994,49.16366,36.81678,9.276540000000002,189.92427999999995
CS07082,,1,Urban,19.837090000000007,3.5926799999999997,4.43898,0.45773,11.805430000000008
CS07285,,71,Urban,160.1694,24.8565,30.0024,8.2515,105.31049999999999
CS07552,,1,Urban,64.11041,8.222153333333335,13.048793333333334,2.5440566666666666,42.83946333333333
CS07587,,1,Urban,52.46180333333333,5.662626666666668,13.361833333333333,3.703396666666667,33.43734333333333
CS07829,,1,Urban,39.26286,5.84766,7.518420000000001,1.67076,25.896780000000007
CS09154,,25,Urban,136.42818000000003,20.97452,23.999395,9.595565,91.45426500000002
CS09289,,1,Urban,116.58373999999999,15.446340000000001,20.755280000000003,6.737640000000002,80.38211999999999
CS10725,,31,Urban,95.23300000000002,18.05541,18.00613,3.39014,59.171460000000025
CS11345,,1,Urban,408.52539000000013,58.714110000000005,62.51154000000001,17.1444,287.2997400000001
CS11682,,1,Urban,104.99580000000002,13.618150000000002,22.132716666666667,5.662626666666667,69.24493333333335
CS12189,,71,Urban,250.50000000000006,36.082800000000006,41.839200000000005,10.9908,172.57800000000003
CS12306,,1,Urban,232.30297999999996,34.8348,44.675540000000005,12.63626,152.79263999999995
CS12489,,42,Urban,55.37158333333335,12.230066666666666,11.941451666666667,3.7295483333333337,31.200065000000016
Calhoun Rd E of Best,21210.0,31,Urban,8.19,1.82,1.82,0.455,4.549999999999999
Campbell Lake Rd SE of Heart Lake Rd,18540.0,62,Urban,5.579999999999999,0.93,0.465,0.0,4.185
Cascade River Rd begin of Gravel,0.0,0,Urban,1.0,1.0,0.0,0.0,0.0
Cedardale N of Ander,15449.0,62,Urban,15.344999999999999,4.65,0.93,0.465,9.764999999999999
Cedardale Rd N of Milltown,9544.0,32,Urban,7.200000000000001,0.9,1.8,0.45,4.500000000000001
Cedardale Rd N of Old 99 South,16163.0,62,Urban,81.0,12.149999999999999,18.0,4.05,50.849999999999994
Cedardale Rd N of SR534,9636.0,32,Urban,33.300000000000004,5.4,5.4,1.35,22.500000000000007
Cedardale Rd S of Old 99 South,16169.0,32,Urban,31.499999999999996,8.55,4.5,0.9,18.449999999999996
Cedardale Rd S of SR534,13887.0,32,Urban,7.65,0.9,1.8,0.0,4.95
Chilberg Rd E of LaConner Whitney,17813.0,62,Urban,30.69,6.045,7.905,0.93,16.740000000000002
Chilberg Rd W of Best,21213.0,31,Urban,18.2,3.6399999999999997,2.275,0.455,12.284999999999998
Christianson S of SR20,18583.0,62,Urban,0.45,0.0,0.0,0.0,0.45
Chuckanut Dr W of B BLVD,15240.0,63,Urban,78.19999999999999,11.96,13.800000000000002,3.22,52.439999999999976
Collins Road N of Cook Rd,1249.0,52,Urban,5.4,0.0,1.35,0.45,4.050000000000001
Collins Road S of Cook Rd,20704.0,62,Urban,5.4,1.35,0.0,0.0,4.050000000000001
Colony Mountain Dr E of Colony Rd,0.0,0,Urban,0.0,0.0,0.0,0.0,0.0
Colony Rd E of Ershig,17433.0,32,Urban,0.95,0.475,0.0,0.0,0.475
Colony Rd S of Lake Samish Rd,21242.0,32,Urban,0.46,0.0,0.0,0.0,0.46
Colony Rd W of Ershig,20124.0,52,Urban,0.95,0.0,0.475,0.0,0.475
Colony Rd W of RRxing,21240.0,52,Urban,0.475,0.0,0.0,0.0,0.475
Commercial N of 11th,20466.0,82,Urban,4.050000000000001,0.45,1.8,0.45,1.8000000000000005
Commercial btwn 36 & 37,3829.0,82,Urban,3.6,0.0,0.0,0.0,3.6
Conway Frontage Rd N of Peter Johnson,2312.0,32,Urban,44.55000000000001,6.75,6.750000000000001,0.45,31.05000000000001
Conway Frontage Rd S of Peter Johnson,21276.0,32,Urban,48.15000000000001,5.85,6.3,0.45,36.000000000000014
Cook @ City Limits,20153.0,32,Urban,339.6250000000001,57.475,36.1,9.975,246.0500000000001
Cook Rd E of Old Hwy 99 North,219.0,62,Urban,271.4,27.6,42.32,12.879999999999999,201.48
Cook Rd E of SR 11,21056.0,32,Urban,43.24500000000001,5.58,6.9750000000000005,2.79,30.690000000000012
Cook Rd W of City Limits,20153.0,32,Urban,254.69999999999996,44.55,29.7,9.45,180.45
Cook Rd W of Collins,224.0,33,Urban,265.5,44.099999999999994,30.15,7.65,191.25
Cook Rd W of Old 99 North,218.0,62,Urban,245.17999999999998,35.879999999999995,30.360000000000003,7.82,178.93999999999997
Cook Rd W of SR 11,17494.0,62,Urban,12.554999999999998,1.395,3.255,1.395,7.9049999999999985
D Ave btwn 29th & 30th,20523.0,72,Urban,4.500000000000001,0.9,1.8,0.0,1.800000000000001
D Avenue North of 12th Street,6296.0,82,Urban,0.0,0.0,0.0,0.0,0.0
D Avenue South of 12th Street,18396.0,72,Urban,2.7,0.0,1.35,0.9,1.35
D'arcy W of Farm to Market Rd,17478.0,32,Urban,1.4249999999999998,0.95,0.475,0.0,-1.1102230246251565e-16
District Line Rd N of Anderson Rd,17100.0,62,Urban,1.84,0.0,0.46,0.0,1.3800000000000001
Division E of 15th,3456.0,83,Urban,5.579999999999999,0.0,0.465,0.0,5.114999999999999
Division E of 18th,3459.0,83,Urban,3.255,0.93,0.465,0.0,1.8599999999999997
Division E of 30th,2461.0,81,Urban,15.809999999999997,5.115,4.1850000000000005,1.86,6.509999999999996
Division E of Laven,1501.0,81,Urban,7.9049999999999985,0.93,0.93,0.0,6.044999999999999
Division E of Waugh,3425.0,81,Urban,7.4399999999999995,1.395,1.86,0.465,4.185
Division W of 15th,18001.0,83,Urban,1.395,0.465,0.0,0.0,0.9299999999999999
Division W of 18th,18053.0,83,Urban,3.72,0.465,0.465,0.0,2.7900000000000005
Division W of 30th,2460.0,81,Urban,1.395,0.0,0.465,0.465,0.9299999999999999
Division-W of Laven,3403.0,83,Urban,4.185,1.86,0.465,0.0,1.8599999999999992
Division-wofwaugh,2074.0,81,Urban,8.37,0.465,2.79,0.93,5.114999999999999
Dodge Valley Rd E of Best,0.0,0,Urban,0.0,0.0,0.0,0.0,0.0
Dodge Valley Rd S of Chilberg,13671.0,52,Urban,1.82,0.0,0.0,0.0,1.82
Dodge Valley Rd W of Best,21209.0,52,Urban,2.73,0.0,0.455,0.455,2.275
E State City Limits,2777.0,82,Urban,1.59,0.0,0.53,0.0,1.06
East Hickox E of Cedardale,814.0,62,Urban,23.850000000000005,6.300000000000001,3.6,0.0,13.950000000000005
EdmursofF&S,21284.0,82,Urban,14.725000000000001,2.375,3.8,0.0,8.55
Ershig Rd N of Allen Rd,1318.0,62,Urban,11.874999999999998,3.325,1.4249999999999998,0.95,7.124999999999997
Ershig Rd N of Bow Hill,17063.0,32,Urban,0.475,0.475,0.0,0.0,0.0
Ershig Rd N of SR 11,17501.0,62,Urban,4.75,1.4249999999999998,1.425,0.0,1.9000000000000001
Ershig Rd S of Bow Hill Rd,17431.0,32,Urban,12.825,4.275,0.475,0.0,8.075
Ershig Rd S of Colony,17064.0,32,Urban,0.475,0.475,0.0,0.0,0.0
EstateEtwnshp,2770.0,82,Urban,1.4249999999999998,0.475,0.475,0.0,0.47499999999999987
F & S Grade Rd E of Collins,12916.0,52,Urban,21.620000000000005,1.3800000000000001,4.140000000000001,0.92,16.100000000000005
F & S Grade Rd S of Prairie Rd,12905.0,52,Urban,5.5200000000000005,0.46,1.3800000000000001,0.0,3.6800000000000006
F & S Grade Rd W of Kelleher,20702.0,52,Urban,2.7600000000000002,0.0,0.46,0.0,2.3000000000000003
Fairhaven E of Walnut,1378.0,82,Urban,5.98,0.46,1.3800000000000001,0.46,4.140000000000001
Farm to Market N of Bayview Edison,1824.0,32,Urban,3.8,0.0,0.475,0.0,3.3249999999999997
Farm to Market N of D'arcy,17089.0,32,Urban,3.8,0.0,1.9,0.95,1.9
Farm to Market N of Josh Wilson,17070.0,32,Urban,18.599999999999998,3.2550000000000003,1.86,0.0,13.484999999999998
Farm to Market N of SR20,18630.0,32,Urban,160.54999999999998,20.9,25.65,5.699999999999999,113.99999999999997
Farm to Market S of Allen West,1888.0,32,Urban,19.95,0.95,4.275,1.9,14.725
Farm to Market S of Bayview Edison,21042.0,32,Urban,2.375,0.0,0.95,0.475,1.425
Farm to Market S of D'arcy,1887.0,32,Urban,4.75,0.95,1.9,0.475,1.9
Farm to Market S of Josh Wilson,1823.0,32,Urban,34.87500000000001,2.79,9.765,3.72,22.320000000000007
Ferry E of Reed,977.0,82,Urban,0.0,0.0,0.0,0.0,0.0
Ferry Wof Reed,17130.0,82,Urban,0.0,0.0,0.0,0.0,0.0
Fidalgo Bay NW of Y,20932.0,62,Urban,2.7,0.45,0.45,0.0,1.8
Fir E of 30th,2068.0,81,Urban,0.93,0.465,0.0,0.0,0.465
Fir E of Laventure,3405.0,81,Urban,1.395,0.465,0.93,0.0,-1.1102230246251565e-16
Fir Island Rd E of Pioneer Hwy (EB),21274.0,62,Urban,146.05500000000006,20.93,20.474999999999998,5.005,104.65000000000006
Fir Island Rd SW of Best Rd,20964.0,52,Urban,55.50999999999999,9.1,8.645,3.185,37.764999999999986
Fir Island Rd W of Pioneer Hwy,21277.0,62,Urban,58.239999999999995,7.734999999999999,8.19,1.82,42.315
Fir St E of 18th St,2077.0,81,Urban,1.86,0.93,0.465,0.0,0.465
Fir St W of 15th,21140.0,81,Urban,0.465,0.0,0.0,0.0,0.465
Fir W of 30th,2072.0,81,Urban,0.465,0.0,0.0,0.0,0.465
Fir W of Laventure,18040.0,81,Urban,0.93,0.465,0.0,0.0,0.465
Fir West of 18th,3402.0,81,Urban,2.325,0.465,0.0,0.0,1.86
Francis Rd N of Swan Rd,21079.0,62,Urban,11.500000000000004,1.3800000000000001,0.92,0.0,9.200000000000003
Francis Rd S of Swan Rd,21129.0,81,Urban,14.260000000000005,2.3,1.3800000000000001,0.0,10.580000000000004
Francis Rd W of SR9,21251.0,32,Urban,5.010000000000001,0.0,1.36,0.0,3.6500000000000004
FrancisN of Hoag,21077.0,81,Urban,6.51,0.93,0.465,0.465,5.115
Freeway N of Cameron,21259.0,62,Urban,32.084999999999994,6.9750000000000005,3.7199999999999998,0.465,21.389999999999993
Freeway N ofColl Way,17882.0,83,Urban,43.93500000000002,8.08,5.555,0.505,30.30000000000002
Freeway S of CollWay,15627.0,62,Urban,24.745,4.545,2.525,0.505,17.675000000000004
Friday Creek Rd N of Old Hwy 99 North,0.0,0,Urban,4.0,1.0,1.0,0.0,2.0
Friday Creek Rd S of Old Hwy 99,0.0,0,Urban,0.0,0.0,0.0,0.0,0.0
Fruitdale N of SR20,17610.0,62,Urban,2.12,0.0,1.06,0.0,1.06
Fruitdale S of SR20,2781.0,62,Urban,5.83,1.06,1.59,0.0,3.1799999999999997
Fulton E of 4th,21262.0,92,Urban,0.0,0.0,0.0,0.0,0.0
Garden of Eden @RR,21380.0,62,Urban,0.0,0.0,0.0,0.0,0.0
Gardner S of SR20,1874.0,82,Urban,0.46,0.0,0.0,0.0,0.46
George Hopper E of B Blvd,17765.0,63,Urban,33.12000000000001,4.14,5.52,2.3,23.46000000000001
George Hopper E of Bouslog,541.0,62,Urban,23.920000000000005,4.6,3.68,0.92,15.640000000000008
Gibralter Rd N of Satterlee,14249.0,52,Urban,3.72,0.0,1.86,0.0,1.86
Gibralter Rd S of Satterlee,3987.0,52,Urban,2.79,0.0,2.79,0.0,0.0
Gilkey E of B BLVD,20201.0,82,Urban,3.22,0.0,0.0,0.0,3.22
Goldenrod N of Andis,3065.0,83,Urban,52.900000000000006,5.52,4.6000000000000005,0.46,42.78000000000001
Goldenrod N of Fisher Ln,936.0,63,Urban,31.280000000000005,3.6799999999999997,4.140000000000001,0.92,23.460000000000004
Green Rd S of Kelleher,138.0,72,Urban,0.0,0.0,0.0,0.0,0.0
Greenleaf E of Spruce,1836.0,82,Urban,1.84,0.46,0.92,0.0,0.4600000000000001
Grip Rd at Railroad crossing,20634.0,52,Urban,0.46,0.46,0.0,0.0,0.0
Gunderson Rd E of Baker Heights Rd,21088.0,52,Urban,1.3800000000000001,0.0,0.0,0.0,1.3800000000000001
Gunderson Rd E of SR 9,3686.0,52,Urban,1.84,0.0,0.46,0.46,1.3800000000000001
Gunderson Rd W of Baker Heights Rd,3686.0,52,Urban,1.3800000000000001,0.0,0.0,0.0,1.3800000000000001
H Ave N of 41st,18456.0,72,Urban,0.45,0.0,0.0,0.0,0.45
H Ave S of 41st,18521.0,62,Urban,0.9,0.45,0.0,0.0,0.45
Hartford S of Oakes,0.0,0,Urban,0.0,0.0,0.0,0.0,0.0
Heart Lake Rd North of Rosario,14699.0,62,Urban,0.93,0.0,0.465,0.0,0.465
Higgins Airport Way N of Peterson Rd,18636.0,62,Urban,46.03500000000002,10.695,7.905,0.93,27.435000000000016
Higgins Airport Way S of Josh Wilson,20517.0,62,Urban,42.315000000000005,9.3,5.58,0.0,27.435000000000002
Higgins Airport Way S of Peterson Rd,20513.0,32,Urban,49.75500000000001,10.695,8.370000000000001,2.325,30.69000000000001
Hoag Rd E of Urban,3254.0,82,Urban,15.034999999999998,1.94,2.425,0.97,10.669999999999998
Hoag Rd W of Urban,3274.0,82,Urban,4.85,0.0,0.97,0.0,3.88
Hoag W of Laventure,3253.0,82,Urban,6.975,2.325,0.465,0.0,4.185
Hoehn @ E City Limit,1084.0,82,Urban,0.0,0.0,0.0,0.0,0.0
Jasper Way btwn Marion & Pennsylvania,20875.0,82,Urban,0.9,0.0,0.9,0.0,0.0
John Liner W of SR9,1270.0,82,Urban,0.53,0.0,0.53,0.53,0.0
Josh Wilson Rd E of Avon Allen,20490.0,32,Urban,86.49000000000002,11.625,18.135,4.65,56.73000000000002
Josh Wilson Rd E of Bayview Edison,2689.0,82,Urban,2.325,0.93,0.0,0.0,1.395
Josh Wilson Rd E of Farm to Market,17085.0,32,Urban,24.179999999999996,2.325,6.9750000000000005,2.325,14.879999999999995
Josh Wilson Rd E of Higgins Airport Way,17081.0,62,Urban,59.52,12.555000000000001,8.835,1.395,38.13
Josh Wilson Rd W of Avon Allen,20487.0,32,Urban,88.35000000000002,14.879999999999999,17.205000000000002,4.1850000000000005,56.26500000000003
Josh Wilson Rd W of Farm to Market,21046.0,32,Urban,0.465,0.0,0.0,0.0,0.465
Josh Wilson Rd W of Higgins Airport Way,20514.0,32,Urban,22.319999999999997,3.72,4.1850000000000005,0.465,14.414999999999997
Kelleher Rd E of Green Rd,12943.0,52,Urban,47.84,2.7600000000000002,10.58,4.140000000000001,34.50000000000001
Kelleher Rd W of Green Rd,12968.0,52,Urban,45.08,3.2199999999999998,8.28,2.7600000000000002,33.58
LaConner Whitney Rd N of Roundabout,21214.0,32,Urban,15.47,4.095,3.185,0.91,8.19
LaConner Whitney Rd S of SR20,1007.0,31,Urban,25.024999999999995,6.37,5.46,2.275,13.194999999999993
Lake Cavanaugh E of SR9,21253.0,62,Urban,9.66,1.3800000000000001,2.3,0.0,5.9799999999999995
Lake Cavanaugh Rd W of N Shore Rd,0.0,0,Urban,0.0,0.0,0.0,0.0,0.0
Lake Samish Rd W of Old Hwy 99 N,13075.0,62,Urban,19.320000000000004,1.3800000000000001,6.9,0.46,11.040000000000004
Lake Samish W of Colony Rd,17045.0,62,Urban,17.020000000000003,2.3,4.14,1.38,10.580000000000002
Lake View Blvd S of W Big Lake Blvd,0.0,0,Urban,1.5,0.0,0.0,0.0,1.5
Laventure N of Div,18036.0,81,Urban,8.37,0.93,1.395,0.465,6.045
Laventure N of Fir,3304.0,81,Urban,40.455000000000005,6.9750000000000005,8.370000000000001,3.72,25.110000000000003
Laventure N of Sect,20470.0,81,Urban,14.879999999999999,2.325,2.325,0.93,10.23
Laventure NofCollway,3294.0,81,Urban,11.154999999999998,1.94,0.485,0.485,8.729999999999999
Laventure Rd North of Blackburn,21102.0,81,Urban,1.86,0.0,0.465,0.465,1.395
Laventure S of Div,18109.0,81,Urban,10.695,0.465,0.93,0.465,9.3
Laventure S of Fir,18032.0,81,Urban,12.089999999999998,0.465,1.395,0.0,10.229999999999999
Laventure S of Hoag,2083.0,81,Urban,5.114999999999999,0.93,0.465,0.0,3.7199999999999998
Laventure S of Sect,3582.0,81,Urban,19.064999999999998,4.65,3.255,1.395,11.159999999999997
Laventure SofCollWay,3309.0,81,Urban,16.004999999999995,2.91,1.455,0.97,11.639999999999995
Little Mountain Rd W of West Big Lake Rd,808.0,62,Urban,0.0,0.0,0.0,0.0,0.0
Little Mountain Rd W of West Little Mountain Place,21090.0,32,Urban,2.25,0.0,0.9,0.0,1.35
Little Mtn Rd W of Little Mtn Pl,21090.0,32,Urban,3.325,0.0,0.475,0.0,2.85
Longtime N Sapp,0.0,0,Urban,0.0,0.0,0.0,0.0,0.0
M Ave S of 32nd,20527.0,82,Urban,0.45,0.0,0.45,0.0,0.0
M Ave btwn 16 & 17,6272.0,82,Urban,0.0,0.0,0.0,0.0,0.0
M Ave-Nof32nd,20531.0,82,Urban,0.9,0.0,0.45,0.0,0.45
March NofSMarch W E,456.0,62,Urban,292.05,32.85,40.5,15.299999999999999,218.7
March's Point Rd N of North Texas,0.0,0,Urban,99.0,13.5,16.0,4.5,69.5
March's Point Rd S of North Texas,0.0,0,Urban,120.5,16.5,18.5,5.5,85.5
March's Pt Rd (East) North of South March's Pt Rd,20948.0,62,Urban,9.450000000000001,2.7,0.9,0.0,5.8500000000000005
Marine Drive Rd @ City Limits,18497.0,52,Urban,3.7199999999999998,1.395,0.93,0.0,1.3949999999999996
Market N of CollWay,15628.0,83,Urban,14.549999999999999,0.97,3.88,1.455,9.7
Martin EofLaventure,3297.0,82,Urban,2.325,0.465,0.0,0.0,1.86
Martin Rd E of 30th,3286.0,82,Urban,0.465,0.465,0.0,0.0,0.0
Martin Rd N Col,1761.0,82,Urban,3.255,0.465,0.0,0.0,2.79
Martin Rd W of 30th,17901.0,82,Urban,3.255,0.93,0.0,0.0,2.3249999999999997
McGarigle E of SR9,20654.0,82,Urban,4.24,1.06,1.06,0.53,2.12
McGarigle W of Frdle,2825.0,82,Urban,2.12,1.06,0.0,0.0,1.06
McLean S of Div,17855.0,82,Urban,28.615,5.82,3.88,0.0,18.915
Milltown Rd W of Cedardale E of I-5,9523.0,62,Urban,7.650000000000001,1.8,1.35,0.0,4.500000000000002
Minkler E City Limits,262.0,82,Urban,2.6500000000000004,0.0,0.53,0.0,2.12
Montgomery E of 2nd,1019.0,82,Urban,0.0,0.0,0.0,0.0,0.0
Montgomery W of 2nd,1018.0,82,Urban,0.0,0.0,0.0,0.0,0.0
Moore Rd NE of Best Rd,20968.0,62,Urban,1.365,0.0,1.365,0.91,0.0
Morris-5th&6th,1605.0,72,Urban,8.834999999999999,0.93,2.325,0.93,5.579999999999999
Mosier W of N Fruitdale,0.0,0,Urban,0.0,0.0,0.0,0.0,0.0
N Fruitdale N CityLimits,21302.0,52,Urban,0.53,0.0,0.0,0.0,0.53
N Fruitdale N of McG,17193.0,52,Urban,0.53,0.0,0.53,0.53,0.0
N Fruitdale Rd N of Mosier Rd,0.0,0,Urban,2.0,0.0,1.5,0.5,0.5
N Fruitdale Rd S of Mosier Rd,0.0,0,Urban,2.0,0.0,1.0,0.5,1.0
N Fruitdale S of McG,20166.0,52,Urban,3.1800000000000006,1.06,0.53,0.53,1.5900000000000005
N Skagit N of SR20,20189.0,82,Urban,1.3800000000000001,0.0,0.0,0.0,1.3800000000000001
N Wall St N of SR536,0.0,0,Urban,0.0,0.0,0.0,0.0,0.0
North Shore Drive East of Lake Cavanaugh Road,0.0,0,Urban,0.0,0.0,0.0,0.0,0.0
North Texas E of March's Point Rd,0.0,0,Urban,10.0,0.0,2.5,1.5,7.5
Old Day Creek E of SR 9,2896.0,62,Urban,5.01,0.45,0.45,0.45,4.109999999999999
Old Highway 99 S West of Cedardale Rd,827.0,62,Urban,70.20000000000002,13.05,13.05,2.7,44.10000000000002
Old Hwy 99 N North of Bow Hill Rd,13032.0,32,Urban,27.600000000000012,2.3,8.74,1.3800000000000001,16.56000000000001
Old Hwy 99 N of C Shop Rd,15239.0,62,Urban,138.92,18.400000000000002,30.36,7.36,90.15999999999998
Old Hwy 99 North N of Alger Cain Lake Rd,6433.0,62,Urban,6.44,0.46,2.3000000000000003,0.92,3.68
Old Hwy 99 North N of Cook Rd,20150.0,62,Urban,190.44,34.5,28.060000000000002,4.6000000000000005,127.88
Old Hwy 99 North S of Alger Cain Lake Rd,17409.0,62,Urban,23.460000000000004,1.84,6.4399999999999995,1.3800000000000001,15.180000000000005
Old Hwy 99 North S of Bow Hill Rd,20147.0,32,Urban,44.16000000000002,5.98,9.66,1.38,28.52000000000002
Old Hwy 99 North S of Cook Rd,2923.0,62,Urban,182.62,26.680000000000003,40.94,10.12,115.0
Pacific Hwy N of County Line,0.0,0,Urban,11.0,1.5,0.5,0.0,9.0
Parson Creek Rd N of Prairie Rd,20633.0,62,Urban,4.6000000000000005,0.46,0.92,0.0,3.2200000000000006
Pease E of B BLVD,1430.0,62,Urban,28.8,7.65,4.5,0.9,16.65
Peter Johnson Rd W of Conway Frontage Rd,0.0,0,Urban,1.0,0.0,0.0,0.0,1.0
Peterson Rd E of Avon Allen,20496.0,62,Urban,9.764999999999999,2.79,0.93,0.0,6.044999999999999
Peterson Rd E of Country Lane,17664.0,63,Urban,3.8,0.0,0.95,0.95,2.8499999999999996
Peterson Rd E of Pulver,17663.0,63,Urban,2.7600000000000002,0.46,0.92,0.92,1.3800000000000003
Peterson Rd W of Avon Allen,20494.0,62,Urban,13.485,2.325,2.79,0.93,8.370000000000001
PinerPrky-Bridge,13650.0,82,Urban,7.4399999999999995,0.0,2.79,0.93,4.6499999999999995
Pioneer Highway S of Fir Island Rd,21280.0,62,Urban,105.10499999999998,14.105,18.2,4.095,72.79999999999997
Prairie Rd E of F & S Grade Rd,12718.0,52,Urban,11.96,1.3800000000000001,0.92,0.0,9.66
Prairie Rd E of Parson Creek Rd,17055.0,32,Urban,12.420000000000003,1.84,2.76,0.46,7.820000000000004
Prairie Rd W of Blank,12425.0,62,Urban,0.92,0.0,0.0,0.0,0.92
Prairie Rd W of F & S Grade Rd,21247.0,52,Urban,13.340000000000005,2.3000000000000003,2.3000000000000003,0.0,8.740000000000004
Prairie Rd W of Parson Creek Rd,12622.0,52,Urban,8.280000000000001,0.92,1.38,0.0,5.980000000000001
Pulver Rd N of Josh Wilson Rd,1373.0,32,Urban,4.275,0.475,1.9,0.95,1.9000000000000004
Pulver Rd N of Peterson,15302.0,32,Urban,2.85,0.475,0.95,0.0,1.425
Pulver Rd N of SR 20,3135.0,62,Urban,0.475,0.0,0.0,0.0,0.475
Pulver Rd S of Peterson,21039.0,62,Urban,6.9,0.46,2.3000000000000003,0.92,4.140000000000001
Pulver Rd S of SR20,465.0,62,Urban,4.6000000000000005,1.3800000000000001,1.3800000000000001,0.46,1.8400000000000005
R Ave N of 22nd,15031.0,63,Urban,47.7,6.75,8.55,2.25,32.400000000000006
R Ave S of 22nd NB,20458.0,63,Urban,0.0,0.0,0.0,0.0,0.0
R Ave S of 22nd SB,20458.0,63,Urban,41.400000000000006,4.05,9.0,1.35,28.35000000000001
R093N,,1,Urban,4219.9582241783655,475.4484633773741,633.4159812881916,187.48396747316266,3111.0937795127998
RAve btwn 32 & 33 sb,1215.0,65,Urban,48.15,4.050000000000001,11.25,2.7,32.849999999999994
Railroad wofestate,2753.0,82,Urban,0.0,0.0,0.0,0.0,0.0
Rave-33&34 nb,1215.0,65,Urban,63.9,8.55,10.350000000000001,1.8,44.99999999999999
Reed N of Ferry,17136.0,82,Urban,0.0,0.0,0.0,0.0,0.0
Reed S of Ferry,1080.0,82,Urban,0.0,0.0,0.0,0.0,0.0
Reed S of Sapp,17205.0,82,Urban,0.0,0.0,0.0,0.0,0.0
Reserv S of SR20,494.0,62,Urban,18.000000000000004,4.05,1.8,0.0,12.150000000000002
Rhodes W of SR9,21354.0,82,Urban,3.1800000000000006,1.06,0.53,0.0,1.5900000000000005
Rio Vista E of Anacortes,20483.0,82,Urban,0.46,0.0,0.0,0.0,0.46
Rosario Rd E of Fishing Access,14652.0,52,Urban,5.58,1.86,1.395,0.465,2.3249999999999997
Rosario Rd E of Marine Wye Drive,14652.0,52,Urban,4.6499999999999995,0.93,0.93,0.465,2.789999999999999
Rosario Rd NW of SR20 (Pass Lake),18515.0,62,Urban,21.389999999999997,5.115,3.72,0.93,12.554999999999998
Rosario Rd S of Marine Drive,21374.0,52,Urban,21.39,5.115,2.325,0.465,13.95
Rose Rd S of Tyee Rd,0.0,0,Urban,2.5,0.0,1.5,0.5,1.0
S 3rd  N of River,20679.0,62,Urban,0.0,0.0,0.0,0.0,0.0
S Section S Rio Vista,21070.0,82,Urban,2.3000000000000003,0.46,0.92,0.0,0.9200000000000003
S Walnut N of Greenleaf,0.0,0,Urban,3.5,0.0,0.5,0.5,3.0
SMarch-EofMarch WE,20946.0,62,Urban,8.100000000000001,0.45,2.25,0.9,5.400000000000001
SR20 E of Anacortes,396.0,72,Urban,76.82,17.020000000000003,11.5,2.76,48.29999999999999
SR20 E of Fruitdale,16100.0,22,Urban,165.36000000000004,32.33,21.73,5.83,111.30000000000003
SR20@wcitylim,21191.0,33,Urban,63.175000000000004,9.5,10.925,4.275,42.75
SR9 NJLiner,2826.0,62,Urban,173.84000000000006,30.74,23.32,6.36,119.78000000000006
SR9 S of John Liner,1267.0,62,Urban,171.19000000000008,26.5,21.73,5.83,122.96000000000008
SR9@ n city lim,2823.0,32,Urban,121.37,15.9,19.61,9.54,85.86
SR9NofWState,16131.0,53,Urban,135.85,20.424999999999997,22.325,3.8,93.1
SR9SctylmtsNRnbt,21365.0,52,Urban,140.98000000000005,20.669999999999998,22.79,4.24,97.52000000000004
SR9SctylmtsSRnbt,21364.0,52,Urban,171.19000000000005,31.270000000000003,25.970000000000002,3.71,113.95000000000005
SR9SjamsonERnbt,21360.0,82,Urban,5.830000000000001,0.0,1.59,0.53,4.240000000000001
Sapp E of Reed,17203.0,82,Urban,0.0,0.0,0.0,0.0,0.0
Sapp W of Reed,17195.0,82,Urban,0.0,0.0,0.0,0.0,0.0
Satterlee Rd E of Gibralter Rd,18573.0,82,Urban,0.0,0.0,0.0,0.0,0.0
Satterlee Rd W of Christianson Rd,18573.0,82,Urban,2.325,0.465,0.465,0.0,1.395
Section E of 15th,18062.0,82,Urban,0.93,0.93,0.0,0.0,0.0
Section St East of Laventure Rd,20472.0,82,Urban,0.93,0.465,0.465,0.0,0.0
Section St West of 15th St,731.0,82,Urban,0.93,0.465,0.0,0.0,0.465
Section W of 18th,18061.0,82,Urban,1.395,0.465,0.0,0.0,0.9299999999999999
Skagit St S of Rio Vista,423.0,82,Urban,2.3000000000000003,0.46,0.0,0.0,1.8400000000000003
Skagit St S of SR20,1457.0,82,Urban,0.92,0.0,0.46,0.46,0.46
Sky S Sunset nb,1951.0,82,Urban,2.25,0.45,0.45,0.0,1.35
Skyave S Sunset,1951.0,82,Urban,4.950000000000001,0.9,0.45,0.0,3.6000000000000005
Slavent sofburnSB,21273.0,63,Urban,6.045,0.465,0.465,0.0,5.115
SlaventsofEburn,21273.0,63,Urban,7.904999999999999,0.93,1.395,0.93,5.58
South March's Pt Rd E of Thompson Rd,18607.0,62,Urban,6.750000000000001,0.9,1.8,0.9,4.050000000000001
South Shore Dr S of North Shore Dr,0.0,0,Urban,0.0,0.0,0.0,0.0,0.0
South Skagit Highway W of Day Creek Bridge,11370.0,32,Urban,6.750000000000001,1.8,1.35,0.45,3.600000000000001
South Texas at RxR Crossing,0.0,0,Urban,116.5,8.5,29.0,10.5,79.0
SouthLavEofBlodgett,3598.0,63,Urban,20.854999999999997,1.94,2.425,0.485,16.489999999999995
Starbird Rd E of Cedardale Rd,17288.0,62,Urban,1.35,0.0,0.0,0.0,1.35
Stewart E of Market,6413.0,82,Urban,3.88,0.0,0.0,0.0,3.88
Stewart W of Market,21013.0,82,Urban,13.579999999999998,0.97,0.97,0.0,11.639999999999997
Sunset E Skyline Way,14990.0,82,Urban,8.550000000000002,1.35,2.7,1.35,4.500000000000003
Sunset WofAnaco Bch,14990.0,82,Urban,7.650000000000001,1.35,1.8,0.45,4.500000000000001
Sunsetave-wofSky,3760.0,82,Urban,5.4,0.9,0.45,0.0,4.05
Swan Rd E of Francis Rd,21126.0,62,Urban,3.22,0.0,0.92,0.0,2.3000000000000003
Swan Rd E of bridge,17169.0,62,Urban,0.46,0.0,0.46,0.46,0.0
Taylor Rd @ Bridge,0.0,0,Urban,0.0,0.0,0.0,0.0,0.0
TwnshipsofNState,17599.0,82,Urban,3.325,0.475,0.95,0.0,1.9000000000000001
Urban N of College,21020.0,82,Urban,2.91,0.97,0.0,0.0,1.9400000000000002
Urban S of Colleg,20335.0,82,Urban,0.97,0.97,0.0,0.0,0.0
Urban-sofHoag,2448.0,82,Urban,2.425,0.485,0.485,0.0,1.455
W McCorquedale W of LL,525.0,62,Urban,5.52,2.3,1.3800000000000001,0.46,1.8399999999999996
W Whitmarsh W B BLVD,20334.0,62,Urban,12.88,2.76,3.22,0.0,6.9
WStateEofSR9,2733.0,82,Urban,5.7,0.475,1.4249999999999998,0.0,3.8000000000000007
WStateWofSR9,17117.0,82,Urban,12.824999999999998,2.85,1.4249999999999998,0.0,8.549999999999997
Waugh-n-division,18028.0,82,Urban,0.93,0.465,0.465,0.0,0.0
Waugh-s-division,3394.0,82,Urban,0.465,0.0,0.465,0.465,0.0
West Big Lake Blvd N of Little Mountain,10131.0,62,Urban,3.22,0.46,1.84,0.92,0.9200000000000002
West Big Lake Blvd S of Little  Mountain Rd,20240.0,62,Urban,3.22,0.0,1.84,0.46,1.3800000000000001
West Big Lake Blvd W of Lake View Blvd,10099.0,62,Urban,6.9,0.92,2.3000000000000003,0.92,3.68
West Stackpole Rd W of RxR,0.0,0,Urban,3.5,0.0,0.5,0.0,3.0
Whitmarsh S of Pease,21075.0,62,Urban,1.84,0.0,0.46,0.0,1.3800000000000001
Wicker E City Limits,2180.0,82,Urban,1.06,0.0,0.0,0.0,1.06
Wood Rd before gravel,0.0,0,Urban,0.0,0.0,0.0,0.0,0.0
caledonia w maple,0.0,0,Urban,1.5,0.5,1.0,0.5,0.0
cameron-efwydr,21254.0,82,Urban,5.58,1.395,0.93,0.93,3.2550000000000003
cedardale sofande,18201.0,62,Urban,76.14499999999998,9.215,15.035,2.425,51.89499999999998
f&s-Eedwardmur,21281.0,82,Urban,6.175,0.0,3.3249999999999997,0.475,2.85
f&s-Wedwardmur,21282.0,82,Urban,17.575,1.4249999999999998,5.225,0.0,10.924999999999999
f&s-wcitylim,17110.0,52,Urban,11.13,3.71,3.1800000000000006,0.53,4.24
fwydr-scameron,21256.0,82,Urban,18.134999999999998,3.72,1.86,0.465,12.554999999999998
jamesoneoftwnsp,2756.0,82,Urban,0.0,0.0,0.0,0.0,0.0
jamesonwoftwnsp,2746.0,82,Urban,0.53,0.0,0.0,0.0,0.53
old99s-nofAnderso,17343.0,63,Urban,123.67499999999998,10.185,19.884999999999998,8.245,93.60499999999999
old99s-sofAnderso,1742.0,63,Urban,187.21,17.945,36.375,10.184999999999999,132.89000000000001
section-eof18th,3463.0,82,Urban,1.86,0.465,0.0,0.0,1.395
section-w-laventu,20327.0,82,Urban,0.0,0.0,0.0,0.0,0.0
smarch-eofemarch,20950.0,62,Urban,13.5,3.15,2.25,0.0,8.1
smarch-wofemarch,458.0,62,Urban,12.15,2.25,2.25,0.0,7.65
stateWtwnshp,2783.0,82,Urban,1.9,0.475,0.475,0.0,0.9499999999999998
twnshipnofjameson,2754.0,82,Urban,0.53,0.0,0.0,0.0,0.53
twnshipsofjameson,1253.0,82,Urban,1.06,0.0,0.0,0.0,1.06
waugh-s-collway,21269.0,82,Urban,0.93,0.93,0.0,0.0,0.0
